0	-1
19.279329524642023	-0.4046822786
30.417293123543125	0.5250836015
30.417293123543125	-1
30.75	-1
30.75	0.5585284233
31	0.5585284233
31	-1
31.0625	-1
31.0625	0.7190635204
31.078125	0.7190635204
31.078125	-1
31.09375	-1
31.09375	0.7324414849
31.109375	0.7324414849
31.109375	-1
31.125	-1
31.125	0.7190635204
31.140625	0.7190635204
31.140625	-1
31.1875	-1
31.1875	0.6387959719
31.203125	0.6387959719
31.203125	-1
31.21875	-1
31.21875	0.6120401621
31.234375	0.6120401621
31.234375	0.5986621976
31.25	0.5986621976
31.25	0.6120401621
31.265625	0.6120401621
31.265625	-1
31.328125	-1
31.328125	0.6454849243
31.34375	0.6454849243
31.34375	-1
31.359375	-1
31.359375	0.6789297462
31.375	0.6789297462
31.375	-1
31.40625	-1
31.40625	0.7324414849
31.4375	0.7324414849
31.4375	-1
31.5	-1
31.5	0.3578595221
31.75	0.3578595221
31.75	-1
32	-1
32	0.7591972947
32.25	0.7591972947
32.25	-1
32.625	-1
32.625	0.806020081
32.75	0.806020081
32.75	-0.5652173758
32.875	-0.5652173758
32.875	-0.9665551782
33	-0.9665551782
33	-1
33.25	-1
33.25	0.1170568541
33.5	0.1170568541
33.5	1
34	1
34	-1
34.5	-1
34.5	1
34.875	1
34.875	-1
34.9375	-1
34.9375	1
35	1
35	-0.9331103563
35.0625	-0.9331103563
35.0625	-1
35.125	-1
35.125	1
35.375	1
35.375	-1
35.4375	-1
35.4375	1
35.625	1
35.625	-0.3311036825
35.6875	-0.3311036825
35.6875	-0.3244147301
35.75	-0.3244147301
35.75	1
35.8125	1
35.8125	-0.2909699082
35.875	-0.2909699082
35.875	1
36	1
36	-1
36.5	-1
36.5	0.7458193898
36.625	0.7458193898
36.625	-1
37.25	-1
37.25	0.5852842927
37.5	0.5852842927
37.5	-1
37.75	-1
37.75	0.5719063282
37.875	0.5719063282
37.875	0.5919732451
38	0.5919732451
38	-1
39	-1
39	0.7324414849
39.5	0.7324414849
39.5	-1
39.875	-1
39.875	0.4849498272
39.9375	0.4849498272
39.9375	-1
40	-1
40	0.4648829401
40.0625	0.4648829401
40.0625	-1
51.25	-1
51.25	-0.6120401621
51.265625	-0.6120401621
51.265625	-1
51.28125	-1
51.28125	-0.5852842927
51.296875	-0.5852842927
51.296875	-1
51.3125	-1
51.3125	-0.5785953403
51.328125	-0.5785953403
51.328125	-1
51.34375	-1
51.34375	-0.5518394709
51.359375	-0.5518394709
51.359375	-1
51.375	-1
51.375	-0.5518394709
51.390625	-0.5518394709
51.390625	-1
51.40625	-1
51.40625	-0.5250836015
51.421875	-0.5250836015
51.421875	-1
51.4375	-1
51.4375	-0.4381271005
51.453125	-0.4381271005
51.453125	-1
51.46875	-1
51.46875	-0.284280926
51.484375	-0.284280926
51.484375	-1
51.5	-1
51.5	-0.1772575229
51.515625	-0.1772575229
51.515625	-1
51.53125	-1
51.53125	-0.03010033444
51.546875	-0.03010033444
51.546875	-1
51.5625	-1
51.5625	0.0501672253
51.578125	0.0501672253
51.578125	-1
51.59375	-1
51.59375	0.1705685556
51.609375	0.1705685556
51.609375	-1
51.625	-1
51.625	0.2642140388
51.640625	0.2642140388
51.640625	-1
51.65625	-1
51.65625	0.4046822786
51.671875	0.4046822786
51.671875	-1
51.6875	-1
51.6875	0.5317725539
51.703125	0.5317725539
51.703125	-1
51.71875	-1
51.71875	0.6789297462
51.734375	0.6789297462
51.734375	-1
51.75	-1
51.75	0.806020081
51.765625	0.806020081
51.765625	0.8193979859
51.78125	0.8193979859
51.78125	-1
51.796875	-1
51.796875	0.913043499
51.828125	0.913043499
51.828125	-1
51.84375	-1
51.84375	1
51.875	1
51.875	-1
51.90625	-1
51.90625	1
51.9375	1
51.9375	-1
51.96875	-1
51.96875	1
52.015625	1
52.015625	-1
52.0625	-1
52.0625	1
52.125	1
52.125	-1
52.1875	-1
52.1875	1
52.265625	1
52.265625	-1
52.34375	-1
52.34375	1
52.4375	1
52.4375	-1
52.515625	-1
52.515625	1
52.640625	1
52.640625	-1
52.6875	-1
52.6875	1
52.8125	1
52.8125	-1
52.859375	-1
52.859375	0.9799330831
52.875	0.9799330831
52.875	1
52.9375	1
52.9375	-1
52.96875	-1
52.96875	0.9665551782
52.984375	0.9665551782
52.984375	1
53.015625	1
53.015625	-1
53.046875	-1
53.046875	1
53.078125	1
53.078125	-1
53.09375	-1
53.09375	0.9264214039
53.109375	0.9264214039
53.109375	0.9397993088
53.125	0.9397993088
53.125	0.8127090335
53.140625	0.8127090335
53.140625	0.8193979859
53.15625	0.8193979859
53.15625	0.6454849243
53.1875	0.6454849243
53.1875	-1
53.203125	-1
53.203125	0.5518394709
53.21875	0.5518394709
53.21875	-1
53.234375	-1
53.234375	0.4515050054
53.25	0.4515050054
53.25	-1
53.265625	-1
53.265625	0.4247491658
53.28125	0.4247491658
53.28125	-1
53.296875	-1
53.296875	0.4046822786
53.3125	0.4046822786
53.3125	-1
53.34375	-1
53.34375	0.3578595221
53.359375	0.3578595221
53.359375	0.3712374568
53.375	0.3712374568
53.375	-1
53.40625	-1
53.40625	0.3444816172
53.421875	0.3444816172
53.421875	0.337792635
53.4375	0.337792635
53.4375	-1
53.515625	-1
53.515625	0.3110367954
53.546875	0.3110367954
53.546875	-1
53.609375	-1
53.609375	0.09030100703
53.640625	0.09030100703
53.640625	-1
53.71875	-1
53.71875	-0.1906354576
53.75	-0.1906354576
53.75	-1
53.875	-1
53.875	-0.5451505184
53.9375	-0.5451505184
53.9375	-1
54.0625	-1
54.0625	-0.8528428078
54.125	-0.8528428078
54.125	-1
54.25	-1
54.25	0.2240802646
54.375	0.2240802646
54.375	0.2307692319
54.5	0.2307692319
54.5	-1
54.625	-1
54.625	0.2374581993
54.75	0.2374581993
54.75	-0.6120401621
54.765625	-0.6120401621
54.765625	-1
54.78125	-1
54.78125	-0.5852842927
54.796875	-0.5852842927
54.796875	-1
54.8125	-1
54.8125	-0.284280926
54.875	-0.284280926
54.875	-0.5518394709
54.890625	-0.5518394709
54.890625	-1
54.90625	-1
54.90625	-0.5250836015
54.921875	-0.5250836015
54.921875	-1
54.9375	-1
54.9375	-0.4381271005
54.953125	-0.4381271005
54.953125	-1
54.96875	-1
54.96875	-0.284280926
54.984375	-0.284280926
54.984375	-1
55	-1
55	0.3177257478
55.125	0.3177257478
55.125	0.2642140388
55.140625	0.2642140388
55.140625	-1
55.15625	-1
55.15625	0.4046822786
55.171875	0.4046822786
55.171875	-1
55.1875	-1
55.1875	0.6521739364
55.25	0.6521739364
55.25	0.806020081
55.265625	0.806020081
55.265625	0.8193979859
55.28125	0.8193979859
55.28125	-1
55.296875	-1
55.296875	0.913043499
55.328125	0.913043499
55.328125	-1
55.34375	-1
55.34375	1
55.375	1
55.375	-1
55.40625	-1
55.40625	1
55.4375	1
55.4375	-1
55.46875	-1
55.46875	1
55.625	1
55.625	-1
55.6875	-1
55.6875	1
55.9375	1
55.9375	-1
56.015625	-1
56.015625	1
56.3125	1
56.3125	-1
56.359375	-1
56.359375	0.9799330831
56.375	0.9799330831
56.375	1
56.4375	1
56.4375	-1
56.46875	-1
56.46875	0.9665551782
56.484375	0.9665551782
56.484375	1
56.515625	1
56.515625	-1
56.546875	-1
56.546875	1
56.578125	1
56.578125	-1
56.59375	-1
56.59375	0.9264214039
56.609375	0.9264214039
56.609375	0.9397993088
56.625	0.9397993088
56.625	0.8127090335
56.640625	0.8127090335
56.640625	0.8193979859
56.65625	0.8193979859
56.65625	0.6454849243
56.6875	0.6454849243
56.6875	-1
56.703125	-1
56.703125	0.5518394709
56.71875	0.5518394709
56.71875	-1
56.734375	-1
56.734375	0.4515050054
56.75	0.4515050054
56.75	-1
56.765625	-1
56.765625	0.4247491658
56.78125	0.4247491658
56.78125	-1
56.796875	-1
56.796875	0.4046822786
56.8125	0.4046822786
56.8125	0.1103678942
56.875	0.1103678942
56.875	0.143812716
56.9375	0.143812716
56.9375	0.1237458214
57.0625	0.1237458214
57.0625	-1
57.109375	-1
57.109375	0.09030100703
57.140625	0.09030100703
57.140625	-1
57.21875	-1
57.21875	-0.1906354576
57.25	-0.1906354576
57.25	-1
57.3125	-1
57.3125	-0.01672240719
57.375	-0.01672240719
57.375	-0.02341137081
57.4375	-0.02341137081
57.4375	-0.4715718925
57.5	-0.4715718925
57.5	-0.4849498272
57.625	-0.4849498272
57.625	-1
76.5	-1
76.5	0.8193979859
77	0.8193979859
77	0.6588628888
77.5	0.6588628888
77.5	-1
79	-1
79	0.2909699082
79.09375	0.2909699082
79.09375	-1
79.125	-1
79.125	0.2909699082
79.15625	0.2909699082
79.15625	-1
79.1875	-1
79.1875	0.2909699082
79.25	0.2909699082
79.25	-1
79.5	-1
79.5	-0.06354515254
79.59375	-0.06354515254
79.59375	-1
79.65625	-1
79.65625	-0.07023411244
79.75	-0.07023411244
79.75	-1
86.5	-1
86.5	0.5919732451
86.625	0.5919732451
86.625	-1
86.71875	-1
86.71875	-0.250836134
86.78125	-0.250836134
86.78125	-1
86.8125	-1
86.8125	-0.5585284233
86.84375	-0.5585284233
86.84375	-1
86.875	-1
86.875	-0.5652173758
86.90625	-0.5652173758
86.90625	-1
86.9375	-1
86.9375	0.2240802646
86.96875	0.2240802646
86.96875	-1
87	-1
87	0.8862876296
87.03125	0.8862876296
87.03125	-1
87.0625	-1
87.0625	0.913043499
87.09375	0.913043499
87.09375	1
87.25	1
87.25	-1
88	-1
88	-1
107.27932952464202	-0.4046822786
118.41729312354312	0.5250836015
118.41729312354312	-1
118.75	-1
118.75	0.5585284233
119	0.5585284233
119	-1
119.0625	-1
119.0625	0.7190635204
119.078125	0.7190635204
119.078125	-1
119.09375	-1
119.09375	0.7324414849
119.109375	0.7324414849
119.109375	-1
119.125	-1
119.125	0.7190635204
119.140625	0.7190635204
119.140625	-1
119.1875	-1
119.1875	0.6387959719
119.203125	0.6387959719
119.203125	-1
119.21875	-1
119.21875	0.6120401621
119.234375	0.6120401621
119.234375	0.5986621976
119.25	0.5986621976
119.25	0.6120401621
119.265625	0.6120401621
119.265625	-1
119.328125	-1
119.328125	0.6454849243
119.34375	0.6454849243
119.34375	-1
119.359375	-1
119.359375	0.6789297462
119.375	0.6789297462
119.375	-1
119.40625	-1
119.40625	0.7324414849
119.4375	0.7324414849
119.4375	-1
119.5	-1
119.5	0.3578595221
119.75	0.3578595221
119.75	-1
120	-1
120	0.7591972947
120.25	0.7591972947
120.25	-1
120.625	-1
120.625	0.806020081
120.75	0.806020081
120.75	-0.5652173758
120.875	-0.5652173758
120.875	-0.9665551782
121	-0.9665551782
121	-1
121.25	-1
121.25	0.1170568541
121.5	0.1170568541
121.5	1
122	1
122	-1
122.5	-1
122.5	1
122.875	1
122.875	-1
122.9375	-1
122.9375	1
123	1
123	-0.9331103563
123.0625	-0.9331103563
123.0625	-1
123.125	-1
123.125	1
123.375	1
123.375	-1
123.4375	-1
123.4375	1
123.625	1
123.625	-0.3311036825
123.6875	-0.3311036825
123.6875	-0.3244147301
123.75	-0.3244147301
123.75	1
123.8125	1
123.8125	-0.2909699082
123.875	-0.2909699082
123.875	1
124	1
124	-1
124.5	-1
124.5	0.7458193898
124.625	0.7458193898
124.625	-1
125.25	-1
125.25	0.5852842927
125.5	0.5852842927
125.5	-1
125.75	-1
125.75	0.5719063282
125.875	0.5719063282
125.875	0.5919732451
126	0.5919732451
126	-1
127	-1
127	0.7324414849
127.5	0.7324414849
127.5	-1
127.875	-1
127.875	0.4849498272
127.9375	0.4849498272
127.9375	-1
128	-1
128	0.4648829401
128.0625	0.4648829401
128.0625	-1
139.25	-1
139.25	-0.6120401621
139.265625	-0.6120401621
139.265625	-1
139.28125	-1
139.28125	-0.5852842927
139.296875	-0.5852842927
139.296875	-1
139.3125	-1
139.3125	-0.5785953403
139.328125	-0.5785953403
139.328125	-1
139.34375	-1
139.34375	-0.5518394709
139.359375	-0.5518394709
139.359375	-1
139.375	-1
139.375	-0.5518394709
139.390625	-0.5518394709
139.390625	-1
139.40625	-1
139.40625	-0.5250836015
139.421875	-0.5250836015
139.421875	-1
139.4375	-1
139.4375	-0.4381271005
139.453125	-0.4381271005
139.453125	-1
139.46875	-1
139.46875	-0.284280926
139.484375	-0.284280926
139.484375	-1
139.5	-1
139.5	-0.1772575229
139.515625	-0.1772575229
139.515625	-1
139.53125	-1
139.53125	-0.03010033444
139.546875	-0.03010033444
139.546875	-1
139.5625	-1
139.5625	0.0501672253
139.578125	0.0501672253
139.578125	-1
139.59375	-1
139.59375	0.1705685556
139.609375	0.1705685556
139.609375	-1
139.625	-1
139.625	0.2642140388
139.640625	0.2642140388
139.640625	-1
139.65625	-1
139.65625	0.4046822786
139.671875	0.4046822786
139.671875	-1
139.6875	-1
139.6875	0.5317725539
139.703125	0.5317725539
139.703125	-1
139.71875	-1
139.71875	0.6789297462
139.734375	0.6789297462
139.734375	-1
139.75	-1
139.75	0.806020081
139.765625	0.806020081
139.765625	0.8193979859
139.78125	0.8193979859
139.78125	-1
139.796875	-1
139.796875	0.913043499
139.828125	0.913043499
139.828125	-1
139.84375	-1
139.84375	1
139.875	1
139.875	-1
139.90625	-1
139.90625	1
139.9375	1
139.9375	-1
139.96875	-1
139.96875	1
140.015625	1
140.015625	-1
140.0625	-1
140.0625	1
140.125	1
140.125	-1
140.1875	-1
140.1875	1
140.265625	1
140.265625	-1
140.34375	-1
140.34375	1
140.4375	1
140.4375	-1
140.515625	-1
140.515625	1
140.640625	1
140.640625	-1
140.6875	-1
140.6875	1
140.8125	1
140.8125	-1
140.859375	-1
140.859375	0.9799330831
140.875	0.9799330831
140.875	1
140.9375	1
140.9375	-1
140.96875	-1
140.96875	0.9665551782
140.984375	0.9665551782
140.984375	1
141.015625	1
141.015625	-1
141.046875	-1
141.046875	1
141.078125	1
141.078125	-1
141.09375	-1
141.09375	0.9264214039
141.109375	0.9264214039
141.109375	0.9397993088
141.125	0.9397993088
141.125	0.8127090335
141.140625	0.8127090335
141.140625	0.8193979859
141.15625	0.8193979859
141.15625	0.6454849243
141.1875	0.6454849243
141.1875	-1
141.203125	-1
141.203125	0.5518394709
141.21875	0.5518394709
141.21875	-1
141.234375	-1
141.234375	0.4515050054
141.25	0.4515050054
141.25	-1
141.265625	-1
141.265625	0.4247491658
141.28125	0.4247491658
141.28125	-1
141.296875	-1
141.296875	0.4046822786
141.3125	0.4046822786
141.3125	-1
141.34375	-1
141.34375	0.3578595221
141.359375	0.3578595221
141.359375	0.3712374568
141.375	0.3712374568
141.375	-1
141.40625	-1
141.40625	0.3444816172
141.421875	0.3444816172
141.421875	0.337792635
141.4375	0.337792635
141.4375	-1
141.515625	-1
141.515625	0.3110367954
141.546875	0.3110367954
141.546875	-1
141.609375	-1
141.609375	0.09030100703
141.640625	0.09030100703
141.640625	-1
141.71875	-1
141.71875	-0.1906354576
141.75	-0.1906354576
141.75	-1
141.875	-1
141.875	-0.5451505184
141.9375	-0.5451505184
141.9375	-1
142.0625	-1
142.0625	-0.8528428078
142.125	-0.8528428078
142.125	-1
142.25	-1
142.25	0.2240802646
142.375	0.2240802646
142.375	0.2307692319
142.5	0.2307692319
142.5	-1
142.625	-1
142.625	0.2374581993
142.75	0.2374581993
142.75	-0.6120401621
142.765625	-0.6120401621
142.765625	-1
142.78125	-1
142.78125	-0.5852842927
142.796875	-0.5852842927
142.796875	-1
142.8125	-1
142.8125	-0.284280926
142.875	-0.284280926
142.875	-0.5518394709
142.890625	-0.5518394709
142.890625	-1
142.90625	-1
142.90625	-0.5250836015
142.921875	-0.5250836015
142.921875	-1
142.9375	-1
142.9375	-0.4381271005
142.953125	-0.4381271005
142.953125	-1
142.96875	-1
142.96875	-0.284280926
142.984375	-0.284280926
142.984375	-1
143	-1
143	0.3177257478
143.125	0.3177257478
143.125	0.2642140388
143.140625	0.2642140388
143.140625	-1
143.15625	-1
143.15625	0.4046822786
143.171875	0.4046822786
143.171875	-1
143.1875	-1
143.1875	0.6521739364
143.25	0.6521739364
143.25	0.806020081
143.265625	0.806020081
143.265625	0.8193979859
143.28125	0.8193979859
143.28125	-1
143.296875	-1
143.296875	0.913043499
143.328125	0.913043499
143.328125	-1
143.34375	-1
143.34375	1
143.375	1
143.375	-1
143.40625	-1
143.40625	1
143.4375	1
143.4375	-1
143.46875	-1
143.46875	1
143.625	1
143.625	-1
143.6875	-1
143.6875	1
143.9375	1
143.9375	-1
144.015625	-1
144.015625	1
144.3125	1
144.3125	-1
144.359375	-1
144.359375	0.9799330831
144.375	0.9799330831
144.375	1
144.4375	1
144.4375	-1
144.46875	-1
144.46875	0.9665551782
144.484375	0.9665551782
144.484375	1
144.515625	1
144.515625	-1
144.546875	-1
144.546875	1
144.578125	1
144.578125	-1
144.59375	-1
144.59375	0.9264214039
144.609375	0.9264214039
144.609375	0.9397993088
144.625	0.9397993088
144.625	0.8127090335
144.640625	0.8127090335
144.640625	0.8193979859
144.65625	0.8193979859
144.65625	0.6454849243
144.6875	0.6454849243
144.6875	-1
144.703125	-1
144.703125	0.5518394709
144.71875	0.5518394709
144.71875	-1
144.734375	-1
144.734375	0.4515050054
144.75	0.4515050054
144.75	-1
144.765625	-1
144.765625	0.4247491658
144.78125	0.4247491658
144.78125	-1
144.796875	-1
144.796875	0.4046822786
144.8125	0.4046822786
144.8125	0.1103678942
144.875	0.1103678942
144.875	0.143812716
144.9375	0.143812716
144.9375	0.1237458214
145.0625	0.1237458214
145.0625	-1
145.109375	-1
145.109375	0.09030100703
145.140625	0.09030100703
145.140625	-1
145.21875	-1
145.21875	-0.1906354576
145.25	-0.1906354576
145.25	-1
145.3125	-1
145.3125	-0.01672240719
145.375	-0.01672240719
145.375	-0.02341137081
145.4375	-0.02341137081
145.4375	-0.4715718925
145.5	-0.4715718925
145.5	-0.4849498272
145.625	-0.4849498272
145.625	-1
164.5	-1
164.5	0.8193979859
165	0.8193979859
165	0.6588628888
165.5	0.6588628888
165.5	-1
167	-1
167	0.2909699082
167.09375	0.2909699082
167.09375	-1
167.125	-1
167.125	0.2909699082
167.15625	0.2909699082
167.15625	-1
167.1875	-1
167.1875	0.2909699082
167.25	0.2909699082
167.25	-1
167.5	-1
167.5	-0.06354515254
167.59375	-0.06354515254
167.59375	-1
167.65625	-1
167.65625	-0.07023411244
167.75	-0.07023411244
167.75	-1
174.5	-1
174.5	0.5919732451
174.625	0.5919732451
174.625	-1
174.71875	-1
174.71875	-0.250836134
174.78125	-0.250836134
174.78125	-1
174.8125	-1
174.8125	-0.5585284233
174.84375	-0.5585284233
174.84375	-1
174.875	-1
174.875	-0.5652173758
174.90625	-0.5652173758
174.90625	-1
174.9375	-1
174.9375	0.2240802646
174.96875	0.2240802646
174.96875	-1
175	-1
175	0.8862876296
175.03125	0.8862876296
175.03125	-1
175.0625	-1
175.0625	0.913043499
175.09375	0.913043499
175.09375	1
175.25	1
175.25	-1
176	-1
176	-1
195.27932952464204	-0.4046822786
206.41729312354312	0.5250836015
206.41729312354312	-1
206.75	-1
206.75	0.5585284233
207	0.5585284233
207	-1
207.0625	-1
207.0625	0.7190635204
207.078125	0.7190635204
207.078125	-1
207.09375	-1
207.09375	0.7324414849
207.109375	0.7324414849
207.109375	-1
207.125	-1
207.125	0.7190635204
207.140625	0.7190635204
207.140625	-1
207.1875	-1
207.1875	0.6387959719
207.203125	0.6387959719
207.203125	-1
207.21875	-1
207.21875	0.6120401621
207.234375	0.6120401621
207.234375	0.5986621976
207.25	0.5986621976
207.25	0.6120401621
207.265625	0.6120401621
207.265625	-1
207.328125	-1
207.328125	0.6454849243
207.34375	0.6454849243
207.34375	-1
207.359375	-1
207.359375	0.6789297462
207.375	0.6789297462
207.375	-1
207.40625	-1
207.40625	0.7324414849
207.4375	0.7324414849
207.4375	-1
207.5	-1
207.5	0.3578595221
207.75	0.3578595221
207.75	-1
208	-1
208	0.7591972947
208.25	0.7591972947
208.25	-1
208.625	-1
208.625	0.806020081
208.75	0.806020081
208.75	-0.5652173758
208.875	-0.5652173758
208.875	-0.9665551782
209	-0.9665551782
209	-1
209.25	-1
209.25	0.1170568541
209.5	0.1170568541
209.5	1
210	1
210	-1
210.5	-1
210.5	1
210.875	1
210.875	-1
210.9375	-1
210.9375	1
211	1
211	-0.9331103563
211.0625	-0.9331103563
211.0625	-1
211.125	-1
211.125	1
211.375	1
211.375	-1
211.4375	-1
211.4375	1
211.625	1
211.625	-0.3311036825
211.6875	-0.3311036825
211.6875	-0.3244147301
211.75	-0.3244147301
211.75	1
211.8125	1
211.8125	-0.2909699082
211.875	-0.2909699082
211.875	1
212	1
212	-1
212.5	-1
212.5	0.7458193898
212.625	0.7458193898
212.625	-1
213.25	-1
213.25	0.5852842927
213.5	0.5852842927
213.5	-1
213.75	-1
213.75	0.5719063282
213.875	0.5719063282
213.875	0.5919732451
214	0.5919732451
214	-1
215	-1
215	0.7324414849
215.5	0.7324414849
215.5	-1
215.875	-1
215.875	0.4849498272
215.9375	0.4849498272
215.9375	-1
216	-1
216	0.4648829401
216.0625	0.4648829401
216.0625	-1
227.25	-1
227.25	-0.6120401621
227.265625	-0.6120401621
227.265625	-1
227.28125	-1
227.28125	-0.5852842927
227.296875	-0.5852842927
227.296875	-1
227.3125	-1
227.3125	-0.5785953403
227.328125	-0.5785953403
227.328125	-1
227.34375	-1
227.34375	-0.5518394709
227.359375	-0.5518394709
227.359375	-1
227.375	-1
227.375	-0.5518394709
227.390625	-0.5518394709
227.390625	-1
227.40625	-1
227.40625	-0.5250836015
227.421875	-0.5250836015
227.421875	-1
227.4375	-1
227.4375	-0.4381271005
227.453125	-0.4381271005
227.453125	-1
227.46875	-1
227.46875	-0.284280926
227.484375	-0.284280926
227.484375	-1
227.5	-1
227.5	-0.1772575229
227.515625	-0.1772575229
227.515625	-1
227.53125	-1
227.53125	-0.03010033444
227.546875	-0.03010033444
227.546875	-1
227.5625	-1
227.5625	0.0501672253
227.578125	0.0501672253
227.578125	-1
227.59375	-1
227.59375	0.1705685556
227.609375	0.1705685556
227.609375	-1
227.625	-1
227.625	0.2642140388
227.640625	0.2642140388
227.640625	-1
227.65625	-1
227.65625	0.4046822786
227.671875	0.4046822786
227.671875	-1
227.6875	-1
227.6875	0.5317725539
227.703125	0.5317725539
227.703125	-1
227.71875	-1
227.71875	0.6789297462
227.734375	0.6789297462
227.734375	-1
227.75	-1
227.75	0.806020081
227.765625	0.806020081
227.765625	0.8193979859
227.78125	0.8193979859
227.78125	-1
227.796875	-1
227.796875	0.913043499
227.828125	0.913043499
227.828125	-1
227.84375	-1
227.84375	1
227.875	1
227.875	-1
227.90625	-1
227.90625	1
227.9375	1
227.9375	-1
227.96875	-1
227.96875	1
228.015625	1
228.015625	-1
228.0625	-1
228.0625	1
228.125	1
228.125	-1
228.1875	-1
228.1875	1
228.265625	1
228.265625	-1
228.34375	-1
228.34375	1
228.4375	1
228.4375	-1
228.515625	-1
228.515625	1
228.640625	1
228.640625	-1
228.6875	-1
228.6875	1
228.8125	1
228.8125	-1
228.859375	-1
228.859375	0.9799330831
228.875	0.9799330831
228.875	1
228.9375	1
228.9375	-1
228.96875	-1
228.96875	0.9665551782
228.984375	0.9665551782
228.984375	1
229.015625	1
229.015625	-1
229.046875	-1
229.046875	1
229.078125	1
229.078125	-1
229.09375	-1
229.09375	0.9264214039
229.109375	0.9264214039
229.109375	0.9397993088
229.125	0.9397993088
229.125	0.8127090335
229.140625	0.8127090335
229.140625	0.8193979859
229.15625	0.8193979859
229.15625	0.6454849243
229.1875	0.6454849243
229.1875	-1
229.203125	-1
229.203125	0.5518394709
229.21875	0.5518394709
229.21875	-1
229.234375	-1
229.234375	0.4515050054
229.25	0.4515050054
229.25	-1
229.265625	-1
229.265625	0.4247491658
229.28125	0.4247491658
229.28125	-1
229.296875	-1
229.296875	0.4046822786
229.3125	0.4046822786
229.3125	-1
229.34375	-1
229.34375	0.3578595221
229.359375	0.3578595221
229.359375	0.3712374568
229.375	0.3712374568
229.375	-1
229.40625	-1
229.40625	0.3444816172
229.421875	0.3444816172
229.421875	0.337792635
229.4375	0.337792635
229.4375	-1
229.515625	-1
229.515625	0.3110367954
229.546875	0.3110367954
229.546875	-1
229.609375	-1
229.609375	0.09030100703
229.640625	0.09030100703
229.640625	-1
229.71875	-1
229.71875	-0.1906354576
229.75	-0.1906354576
229.75	-1
229.875	-1
229.875	-0.5451505184
229.9375	-0.5451505184
229.9375	-1
230.0625	-1
230.0625	-0.8528428078
230.125	-0.8528428078
230.125	-1
230.25	-1
230.25	0.2240802646
230.375	0.2240802646
230.375	0.2307692319
230.5	0.2307692319
230.5	-1
230.625	-1
230.625	0.2374581993
230.75	0.2374581993
230.75	-0.6120401621
230.765625	-0.6120401621
230.765625	-1
230.78125	-1
230.78125	-0.5852842927
230.796875	-0.5852842927
230.796875	-1
230.8125	-1
230.8125	-0.284280926
230.875	-0.284280926
230.875	-0.5518394709
230.890625	-0.5518394709
230.890625	-1
230.90625	-1
230.90625	-0.5250836015
230.921875	-0.5250836015
230.921875	-1
230.9375	-1
230.9375	-0.4381271005
230.953125	-0.4381271005
230.953125	-1
230.96875	-1
230.96875	-0.284280926
230.984375	-0.284280926
230.984375	-1
231	-1
231	0.3177257478
231.125	0.3177257478
231.125	0.2642140388
231.140625	0.2642140388
231.140625	-1
231.15625	-1
231.15625	0.4046822786
231.171875	0.4046822786
231.171875	-1
231.1875	-1
231.1875	0.6521739364
231.25	0.6521739364
231.25	0.806020081
231.265625	0.806020081
231.265625	0.8193979859
231.28125	0.8193979859
231.28125	-1
231.296875	-1
231.296875	0.913043499
231.328125	0.913043499
231.328125	-1
231.34375	-1
231.34375	1
231.375	1
231.375	-1
231.40625	-1
231.40625	1
231.4375	1
231.4375	-1
231.46875	-1
231.46875	1
231.625	1
231.625	-1
231.6875	-1
231.6875	1
231.9375	1
231.9375	-1
232.015625	-1
232.015625	1
232.3125	1
232.3125	-1
232.359375	-1
232.359375	0.9799330831
232.375	0.9799330831
232.375	1
232.4375	1
232.4375	-1
232.46875	-1
232.46875	0.9665551782
232.484375	0.9665551782
232.484375	1
232.515625	1
232.515625	-1
232.546875	-1
232.546875	1
232.578125	1
232.578125	-1
232.59375	-1
232.59375	0.9264214039
232.609375	0.9264214039
232.609375	0.9397993088
232.625	0.9397993088
232.625	0.8127090335
232.640625	0.8127090335
232.640625	0.8193979859
232.65625	0.8193979859
232.65625	0.6454849243
232.6875	0.6454849243
232.6875	-1
232.703125	-1
232.703125	0.5518394709
232.71875	0.5518394709
232.71875	-1
232.734375	-1
232.734375	0.4515050054
232.75	0.4515050054
232.75	-1
232.765625	-1
232.765625	0.4247491658
232.78125	0.4247491658
232.78125	-1
232.796875	-1
232.796875	0.4046822786
232.8125	0.4046822786
232.8125	0.1103678942
232.875	0.1103678942
232.875	0.143812716
232.9375	0.143812716
232.9375	0.1237458214
233.0625	0.1237458214
233.0625	-1
233.109375	-1
233.109375	0.09030100703
233.140625	0.09030100703
233.140625	-1
233.21875	-1
233.21875	-0.1906354576
233.25	-0.1906354576
233.25	-1
233.3125	-1
233.3125	-0.01672240719
233.375	-0.01672240719
233.375	-0.02341137081
233.4375	-0.02341137081
233.4375	-0.4715718925
233.5	-0.4715718925
233.5	-0.4849498272
233.625	-0.4849498272
233.625	-1
252.5	-1
252.5	0.8193979859
253	0.8193979859
253	0.6588628888
253.5	0.6588628888
253.5	-1
255	-1
255	0.2909699082
255.09375	0.2909699082
255.09375	-1
255.125	-1
255.125	0.2909699082
255.15625	0.2909699082
255.15625	-1
255.1875	-1
255.1875	0.2909699082
255.25	0.2909699082
255.25	-1
255.5	-1
255.5	-0.06354515254
255.59375	-0.06354515254
255.59375	-1
255.65625	-1
255.65625	-0.07023411244
255.75	-0.07023411244
255.75	-1
262.5	-1
262.5	0.5919732451
262.625	0.5919732451
262.625	-1
262.71875	-1
262.71875	-0.250836134
262.78125	-0.250836134
262.78125	-1
262.8125	-1
262.8125	-0.5585284233
262.84375	-0.5585284233
262.84375	-1
262.875	-1
262.875	-0.5652173758
262.90625	-0.5652173758
262.90625	-1
262.9375	-1
262.9375	0.2240802646
262.96875	0.2240802646
262.96875	-1
263	-1
263	0.8862876296
263.03125	0.8862876296
263.03125	-1
263.0625	-1
263.0625	0.913043499
263.09375	0.913043499
263.09375	1
263.25	1
263.25	-1
264	-1
264	-1
283.27932952464204	-0.4046822786
294.4172931235431	0.5250836015
294.4172931235431	-1
294.75	-1
294.75	0.5585284233
295	0.5585284233
295	-1
295.0625	-1
295.0625	0.7190635204
295.078125	0.7190635204
295.078125	-1
295.09375	-1
295.09375	0.7324414849
295.109375	0.7324414849
295.109375	-1
295.125	-1
295.125	0.7190635204
295.140625	0.7190635204
295.140625	-1
295.1875	-1
295.1875	0.6387959719
295.203125	0.6387959719
295.203125	-1
295.21875	-1
295.21875	0.6120401621
295.234375	0.6120401621
295.234375	0.5986621976
295.25	0.5986621976
295.25	0.6120401621
295.265625	0.6120401621
295.265625	-1
295.328125	-1
295.328125	0.6454849243
295.34375	0.6454849243
295.34375	-1
295.359375	-1
295.359375	0.6789297462
295.375	0.6789297462
295.375	-1
295.40625	-1
295.40625	0.7324414849
295.4375	0.7324414849
295.4375	-1
295.5	-1
295.5	0.3578595221
295.75	0.3578595221
295.75	-1
296	-1
296	0.7591972947
296.25	0.7591972947
296.25	-1
296.625	-1
296.625	0.806020081
296.75	0.806020081
296.75	-0.5652173758
296.875	-0.5652173758
296.875	-0.9665551782
297	-0.9665551782
297	-1
297.25	-1
297.25	0.1170568541
297.5	0.1170568541
297.5	1
298	1
298	-1
298.5	-1
298.5	1
298.875	1
298.875	-1
298.9375	-1
298.9375	1
299	1
299	-0.9331103563
299.0625	-0.9331103563
299.0625	-1
299.125	-1
299.125	1
299.375	1
299.375	-1
299.4375	-1
299.4375	1
299.625	1
299.625	-0.3311036825
299.6875	-0.3311036825
299.6875	-0.3244147301
299.75	-0.3244147301
299.75	1
299.8125	1
299.8125	-0.2909699082
299.875	-0.2909699082
299.875	1
300	1
300	-1
300.5	-1
300.5	0.7458193898
300.625	0.7458193898
300.625	-1
301.25	-1
301.25	0.5852842927
301.5	0.5852842927
301.5	-1
301.75	-1
301.75	0.5719063282
301.875	0.5719063282
301.875	0.5919732451
302	0.5919732451
302	-1
303	-1
303	0.7324414849
303.5	0.7324414849
303.5	-1
303.875	-1
303.875	0.4849498272
303.9375	0.4849498272
303.9375	-1
304	-1
304	0.4648829401
304.0625	0.4648829401
304.0625	-1
315.25	-1
315.25	-0.6120401621
315.265625	-0.6120401621
315.265625	-1
315.28125	-1
315.28125	-0.5852842927
315.296875	-0.5852842927
315.296875	-1
315.3125	-1
315.3125	-0.5785953403
315.328125	-0.5785953403
315.328125	-1
315.34375	-1
315.34375	-0.5518394709
315.359375	-0.5518394709
315.359375	-1
315.375	-1
315.375	-0.5518394709
315.390625	-0.5518394709
315.390625	-1
315.40625	-1
315.40625	-0.5250836015
315.421875	-0.5250836015
315.421875	-1
315.4375	-1
315.4375	-0.4381271005
315.453125	-0.4381271005
315.453125	-1
315.46875	-1
315.46875	-0.284280926
315.484375	-0.284280926
315.484375	-1
315.5	-1
315.5	-0.1772575229
315.515625	-0.1772575229
315.515625	-1
315.53125	-1
315.53125	-0.03010033444
315.546875	-0.03010033444
315.546875	-1
315.5625	-1
315.5625	0.0501672253
315.578125	0.0501672253
315.578125	-1
315.59375	-1
315.59375	0.1705685556
315.609375	0.1705685556
315.609375	-1
315.625	-1
315.625	0.2642140388
315.640625	0.2642140388
315.640625	-1
315.65625	-1
315.65625	0.4046822786
315.671875	0.4046822786
315.671875	-1
315.6875	-1
315.6875	0.5317725539
315.703125	0.5317725539
315.703125	-1
315.71875	-1
315.71875	0.6789297462
315.734375	0.6789297462
315.734375	-1
315.75	-1
315.75	0.806020081
315.765625	0.806020081
315.765625	0.8193979859
315.78125	0.8193979859
315.78125	-1
315.796875	-1
315.796875	0.913043499
315.828125	0.913043499
315.828125	-1
315.84375	-1
315.84375	1
315.875	1
315.875	-1
315.90625	-1
315.90625	1
315.9375	1
315.9375	-1
315.96875	-1
315.96875	1
316.015625	1
316.015625	-1
316.0625	-1
316.0625	1
316.125	1
316.125	-1
316.1875	-1
316.1875	1
316.265625	1
316.265625	-1
316.34375	-1
316.34375	1
316.4375	1
316.4375	-1
316.515625	-1
316.515625	1
316.640625	1
316.640625	-1
316.6875	-1
316.6875	1
316.8125	1
316.8125	-1
316.859375	-1
316.859375	0.9799330831
316.875	0.9799330831
316.875	1
316.9375	1
316.9375	-1
316.96875	-1
316.96875	0.9665551782
316.984375	0.9665551782
316.984375	1
317.015625	1
317.015625	-1
317.046875	-1
317.046875	1
317.078125	1
317.078125	-1
317.09375	-1
317.09375	0.9264214039
317.109375	0.9264214039
317.109375	0.9397993088
317.125	0.9397993088
317.125	0.8127090335
317.140625	0.8127090335
317.140625	0.8193979859
317.15625	0.8193979859
317.15625	0.6454849243
317.1875	0.6454849243
317.1875	-1
317.203125	-1
317.203125	0.5518394709
317.21875	0.5518394709
317.21875	-1
317.234375	-1
317.234375	0.4515050054
317.25	0.4515050054
317.25	-1
317.265625	-1
317.265625	0.4247491658
317.28125	0.4247491658
317.28125	-1
317.296875	-1
317.296875	0.4046822786
317.3125	0.4046822786
317.3125	-1
317.34375	-1
317.34375	0.3578595221
317.359375	0.3578595221
317.359375	0.3712374568
317.375	0.3712374568
317.375	-1
317.40625	-1
317.40625	0.3444816172
317.421875	0.3444816172
317.421875	0.337792635
317.4375	0.337792635
317.4375	-1
317.515625	-1
317.515625	0.3110367954
317.546875	0.3110367954
317.546875	-1
317.609375	-1
317.609375	0.09030100703
317.640625	0.09030100703
317.640625	-1
317.71875	-1
317.71875	-0.1906354576
317.75	-0.1906354576
317.75	-1
317.875	-1
317.875	-0.5451505184
317.9375	-0.5451505184
317.9375	-1
318.0625	-1
318.0625	-0.8528428078
318.125	-0.8528428078
318.125	-1
318.25	-1
318.25	0.2240802646
318.375	0.2240802646
318.375	0.2307692319
318.5	0.2307692319
318.5	-1
318.625	-1
318.625	0.2374581993
318.75	0.2374581993
318.75	-0.6120401621
318.765625	-0.6120401621
318.765625	-1
318.78125	-1
318.78125	-0.5852842927
318.796875	-0.5852842927
318.796875	-1
318.8125	-1
318.8125	-0.284280926
318.875	-0.284280926
318.875	-0.5518394709
318.890625	-0.5518394709
318.890625	-1
318.90625	-1
318.90625	-0.5250836015
318.921875	-0.5250836015
318.921875	-1
318.9375	-1
318.9375	-0.4381271005
318.953125	-0.4381271005
318.953125	-1
318.96875	-1
318.96875	-0.284280926
318.984375	-0.284280926
318.984375	-1
319	-1
319	0.3177257478
319.125	0.3177257478
319.125	0.2642140388
319.140625	0.2642140388
319.140625	-1
319.15625	-1
319.15625	0.4046822786
319.171875	0.4046822786
319.171875	-1
319.1875	-1
319.1875	0.6521739364
319.25	0.6521739364
319.25	0.806020081
319.265625	0.806020081
319.265625	0.8193979859
319.28125	0.8193979859
319.28125	-1
319.296875	-1
319.296875	0.913043499
319.328125	0.913043499
319.328125	-1
319.34375	-1
319.34375	1
319.375	1
319.375	-1
319.40625	-1
319.40625	1
319.4375	1
319.4375	-1
319.46875	-1
319.46875	1
319.625	1
319.625	-1
319.6875	-1
319.6875	1
319.9375	1
319.9375	-1
320.015625	-1
320.015625	1
320.3125	1
320.3125	-1
320.359375	-1
320.359375	0.9799330831
320.375	0.9799330831
320.375	1
320.4375	1
320.4375	-1
320.46875	-1
320.46875	0.9665551782
320.484375	0.9665551782
320.484375	1
320.515625	1
320.515625	-1
320.546875	-1
320.546875	1
320.578125	1
320.578125	-1
320.59375	-1
320.59375	0.9264214039
320.609375	0.9264214039
320.609375	0.9397993088
320.625	0.9397993088
320.625	0.8127090335
320.640625	0.8127090335
320.640625	0.8193979859
320.65625	0.8193979859
320.65625	0.6454849243
320.6875	0.6454849243
320.6875	-1
320.703125	-1
320.703125	0.5518394709
320.71875	0.5518394709
320.71875	-1
320.734375	-1
320.734375	0.4515050054
320.75	0.4515050054
320.75	-1
320.765625	-1
320.765625	0.4247491658
320.78125	0.4247491658
320.78125	-1
320.796875	-1
320.796875	0.4046822786
320.8125	0.4046822786
320.8125	0.1103678942
320.875	0.1103678942
320.875	0.143812716
320.9375	0.143812716
320.9375	0.1237458214
321.0625	0.1237458214
321.0625	-1
321.109375	-1
321.109375	0.09030100703
321.140625	0.09030100703
321.140625	-1
321.21875	-1
321.21875	-0.1906354576
321.25	-0.1906354576
321.25	-1
321.3125	-1
321.3125	-0.01672240719
321.375	-0.01672240719
321.375	-0.02341137081
321.4375	-0.02341137081
321.4375	-0.4715718925
321.5	-0.4715718925
321.5	-0.4849498272
321.625	-0.4849498272
321.625	-1
340.5	-1
340.5	0.8193979859
341	0.8193979859
341	0.6588628888
341.5	0.6588628888
341.5	-1
343	-1
343	0.2909699082
343.09375	0.2909699082
343.09375	-1
343.125	-1
343.125	0.2909699082
343.15625	0.2909699082
343.15625	-1
343.1875	-1
343.1875	0.2909699082
343.25	0.2909699082
343.25	-1
343.5	-1
343.5	-0.06354515254
343.59375	-0.06354515254
343.59375	-1
343.65625	-1
343.65625	-0.07023411244
343.75	-0.07023411244
343.75	-1
350.5	-1
350.5	0.5919732451
350.625	0.5919732451
350.625	-1
350.71875	-1
350.71875	-0.250836134
350.78125	-0.250836134
350.78125	-1
350.8125	-1
350.8125	-0.5585284233
350.84375	-0.5585284233
350.84375	-1
350.875	-1
350.875	-0.5652173758
350.90625	-0.5652173758
350.90625	-1
350.9375	-1
350.9375	0.2240802646
350.96875	0.2240802646
350.96875	-1
351	-1
351	0.8862876296
351.03125	0.8862876296
351.03125	-1
351.0625	-1
351.0625	0.913043499
351.09375	0.913043499
351.09375	1
351.25	1
351.25	-1
352	-1
352	-1
371.27932952464204	-0.4046822786
382.4172931235431	0.5250836015
382.4172931235431	-1
382.75	-1
382.75	0.5585284233
383	0.5585284233
383	-1
383.0625	-1
383.0625	0.7190635204
383.078125	0.7190635204
383.078125	-1
383.09375	-1
383.09375	0.7324414849
383.109375	0.7324414849
383.109375	-1
383.125	-1
383.125	0.7190635204
383.140625	0.7190635204
383.140625	-1
383.1875	-1
383.1875	0.6387959719
383.203125	0.6387959719
383.203125	-1
383.21875	-1
383.21875	0.6120401621
383.234375	0.6120401621
383.234375	0.5986621976
383.25	0.5986621976
383.25	0.6120401621
383.265625	0.6120401621
383.265625	-1
383.328125	-1
383.328125	0.6454849243
383.34375	0.6454849243
383.34375	-1
383.359375	-1
383.359375	0.6789297462
383.375	0.6789297462
383.375	-1
383.40625	-1
383.40625	0.7324414849
383.4375	0.7324414849
383.4375	-1
383.5	-1
383.5	0.3578595221
383.75	0.3578595221
383.75	-1
384	-1
384	0.7591972947
384.25	0.7591972947
384.25	-1
384.625	-1
384.625	0.806020081
384.75	0.806020081
384.75	-0.5652173758
384.875	-0.5652173758
384.875	-0.9665551782
385	-0.9665551782
385	-1
385.25	-1
385.25	0.1170568541
385.5	0.1170568541
385.5	1
386	1
386	-1
386.5	-1
386.5	1
386.875	1
386.875	-1
386.9375	-1
386.9375	1
387	1
387	-0.9331103563
387.0625	-0.9331103563
387.0625	-1
387.125	-1
387.125	1
387.375	1
387.375	-1
387.4375	-1
387.4375	1
387.625	1
387.625	-0.3311036825
387.6875	-0.3311036825
387.6875	-0.3244147301
387.75	-0.3244147301
387.75	1
387.8125	1
387.8125	-0.2909699082
387.875	-0.2909699082
387.875	1
388	1
388	-1
388.5	-1
388.5	0.7458193898
388.625	0.7458193898
388.625	-1
389.25	-1
389.25	0.5852842927
389.5	0.5852842927
389.5	-1
389.75	-1
389.75	0.5719063282
389.875	0.5719063282
389.875	0.5919732451
390	0.5919732451
390	-1
391	-1
391	0.7324414849
391.5	0.7324414849
391.5	-1
391.875	-1
391.875	0.4849498272
391.9375	0.4849498272
391.9375	-1
392	-1
392	0.4648829401
392.0625	0.4648829401
392.0625	-1
403.25	-1
403.25	-0.6120401621
403.265625	-0.6120401621
403.265625	-1
403.28125	-1
403.28125	-0.5852842927
403.296875	-0.5852842927
403.296875	-1
403.3125	-1
403.3125	-0.5785953403
403.328125	-0.5785953403
403.328125	-1
403.34375	-1
403.34375	-0.5518394709
403.359375	-0.5518394709
403.359375	-1
403.375	-1
403.375	-0.5518394709
403.390625	-0.5518394709
403.390625	-1
403.40625	-1
403.40625	-0.5250836015
403.421875	-0.5250836015
403.421875	-1
403.4375	-1
403.4375	-0.4381271005
403.453125	-0.4381271005
403.453125	-1
403.46875	-1
403.46875	-0.284280926
403.484375	-0.284280926
403.484375	-1
403.5	-1
403.5	-0.1772575229
403.515625	-0.1772575229
403.515625	-1
403.53125	-1
403.53125	-0.03010033444
403.546875	-0.03010033444
403.546875	-1
403.5625	-1
403.5625	0.0501672253
403.578125	0.0501672253
403.578125	-1
403.59375	-1
403.59375	0.1705685556
403.609375	0.1705685556
403.609375	-1
403.625	-1
403.625	0.2642140388
403.640625	0.2642140388
403.640625	-1
403.65625	-1
403.65625	0.4046822786
403.671875	0.4046822786
403.671875	-1
403.6875	-1
403.6875	0.5317725539
403.703125	0.5317725539
403.703125	-1
403.71875	-1
403.71875	0.6789297462
403.734375	0.6789297462
403.734375	-1
403.75	-1
403.75	0.806020081
403.765625	0.806020081
403.765625	0.8193979859
403.78125	0.8193979859
403.78125	-1
403.796875	-1
403.796875	0.913043499
403.828125	0.913043499
403.828125	-1
403.84375	-1
403.84375	1
403.875	1
403.875	-1
403.90625	-1
403.90625	1
403.9375	1
403.9375	-1
403.96875	-1
403.96875	1
404.015625	1
404.015625	-1
404.0625	-1
404.0625	1
404.125	1
404.125	-1
404.1875	-1
404.1875	1
404.265625	1
404.265625	-1
404.34375	-1
404.34375	1
404.4375	1
404.4375	-1
404.515625	-1
404.515625	1
404.640625	1
404.640625	-1
404.6875	-1
404.6875	1
404.8125	1
404.8125	-1
404.859375	-1
404.859375	0.9799330831
404.875	0.9799330831
404.875	1
404.9375	1
404.9375	-1
404.96875	-1
404.96875	0.9665551782
404.984375	0.9665551782
404.984375	1
405.015625	1
405.015625	-1
405.046875	-1
405.046875	1
405.078125	1
405.078125	-1
405.09375	-1
405.09375	0.9264214039
405.109375	0.9264214039
405.109375	0.9397993088
405.125	0.9397993088
405.125	0.8127090335
405.140625	0.8127090335
405.140625	0.8193979859
405.15625	0.8193979859
405.15625	0.6454849243
405.1875	0.6454849243
405.1875	-1
405.203125	-1
405.203125	0.5518394709
405.21875	0.5518394709
405.21875	-1
405.234375	-1
405.234375	0.4515050054
405.25	0.4515050054
405.25	-1
405.265625	-1
405.265625	0.4247491658
405.28125	0.4247491658
405.28125	-1
405.296875	-1
405.296875	0.4046822786
405.3125	0.4046822786
405.3125	-1
405.34375	-1
405.34375	0.3578595221
405.359375	0.3578595221
405.359375	0.3712374568
405.375	0.3712374568
405.375	-1
405.40625	-1
405.40625	0.3444816172
405.421875	0.3444816172
405.421875	0.337792635
405.4375	0.337792635
405.4375	-1
405.515625	-1
405.515625	0.3110367954
405.546875	0.3110367954
405.546875	-1
405.609375	-1
405.609375	0.09030100703
405.640625	0.09030100703
405.640625	-1
405.71875	-1
405.71875	-0.1906354576
405.75	-0.1906354576
405.75	-1
405.875	-1
405.875	-0.5451505184
405.9375	-0.5451505184
405.9375	-1
406.0625	-1
406.0625	-0.8528428078
406.125	-0.8528428078
406.125	-1
406.25	-1
406.25	0.2240802646
406.375	0.2240802646
406.375	0.2307692319
406.5	0.2307692319
406.5	-1
406.625	-1
406.625	0.2374581993
406.75	0.2374581993
406.75	-0.6120401621
406.765625	-0.6120401621
406.765625	-1
406.78125	-1
406.78125	-0.5852842927
406.796875	-0.5852842927
406.796875	-1
406.8125	-1
406.8125	-0.284280926
406.875	-0.284280926
406.875	-0.5518394709
406.890625	-0.5518394709
406.890625	-1
406.90625	-1
406.90625	-0.5250836015
406.921875	-0.5250836015
406.921875	-1
406.9375	-1
406.9375	-0.4381271005
406.953125	-0.4381271005
406.953125	-1
406.96875	-1
406.96875	-0.284280926
406.984375	-0.284280926
406.984375	-1
407	-1
407	0.3177257478
407.125	0.3177257478
407.125	0.2642140388
407.140625	0.2642140388
407.140625	-1
407.15625	-1
407.15625	0.4046822786
407.171875	0.4046822786
407.171875	-1
407.1875	-1
407.1875	0.6521739364
407.25	0.6521739364
407.25	0.806020081
407.265625	0.806020081
407.265625	0.8193979859
407.28125	0.8193979859
407.28125	-1
407.296875	-1
407.296875	0.913043499
407.328125	0.913043499
407.328125	-1
407.34375	-1
407.34375	1
407.375	1
407.375	-1
407.40625	-1
407.40625	1
407.4375	1
407.4375	-1
407.46875	-1
407.46875	1
407.625	1
407.625	-1
407.6875	-1
407.6875	1
407.9375	1
407.9375	-1
408.015625	-1
408.015625	1
408.3125	1
408.3125	-1
408.359375	-1
408.359375	0.9799330831
408.375	0.9799330831
408.375	1
408.4375	1
408.4375	-1
408.46875	-1
408.46875	0.9665551782
408.484375	0.9665551782
408.484375	1
408.515625	1
408.515625	-1
408.546875	-1
408.546875	1
408.578125	1
408.578125	-1
408.59375	-1
408.59375	0.9264214039
408.609375	0.9264214039
408.609375	0.9397993088
408.625	0.9397993088
408.625	0.8127090335
408.640625	0.8127090335
408.640625	0.8193979859
408.65625	0.8193979859
408.65625	0.6454849243
408.6875	0.6454849243
408.6875	-1
408.703125	-1
408.703125	0.5518394709
408.71875	0.5518394709
408.71875	-1
408.734375	-1
408.734375	0.4515050054
408.75	0.4515050054
408.75	-1
408.765625	-1
408.765625	0.4247491658
408.78125	0.4247491658
408.78125	-1
408.796875	-1
408.796875	0.4046822786
408.8125	0.4046822786
408.8125	0.1103678942
408.875	0.1103678942
408.875	0.143812716
408.9375	0.143812716
408.9375	0.1237458214
409.0625	0.1237458214
409.0625	-1
409.109375	-1
409.109375	0.09030100703
409.140625	0.09030100703
409.140625	-1
409.21875	-1
409.21875	-0.1906354576
409.25	-0.1906354576
409.25	-1
409.3125	-1
409.3125	-0.01672240719
409.375	-0.01672240719
409.375	-0.02341137081
409.4375	-0.02341137081
409.4375	-0.4715718925
409.5	-0.4715718925
409.5	-0.4849498272
409.625	-0.4849498272
409.625	-1
428.5	-1
428.5	0.8193979859
429	0.8193979859
429	0.6588628888
429.5	0.6588628888
429.5	-1
431	-1
431	0.2909699082
431.09375	0.2909699082
431.09375	-1
431.125	-1
431.125	0.2909699082
431.15625	0.2909699082
431.15625	-1
431.1875	-1
431.1875	0.2909699082
431.25	0.2909699082
431.25	-1
431.5	-1
431.5	-0.06354515254
431.59375	-0.06354515254
431.59375	-1
431.65625	-1
431.65625	-0.07023411244
431.75	-0.07023411244
431.75	-1
438.5	-1
438.5	0.5919732451
438.625	0.5919732451
438.625	-1
438.71875	-1
438.71875	-0.250836134
438.78125	-0.250836134
438.78125	-1
438.8125	-1
438.8125	-0.5585284233
438.84375	-0.5585284233
438.84375	-1
438.875	-1
438.875	-0.5652173758
438.90625	-0.5652173758
438.90625	-1
438.9375	-1
438.9375	0.2240802646
438.96875	0.2240802646
438.96875	-1
439	-1
439	0.8862876296
439.03125	0.8862876296
439.03125	-1
439.0625	-1
439.0625	0.913043499
439.09375	0.913043499
439.09375	1
439.25	1
439.25	-1
440	-1
440	-1
459.27932952464204	-0.4046822786
470.4172931235431	0.5250836015
470.4172931235431	-1
470.75	-1
470.75	0.5585284233
471	0.5585284233
471	-1
471.0625	-1
471.0625	0.7190635204
471.078125	0.7190635204
471.078125	-1
471.09375	-1
471.09375	0.7324414849
471.109375	0.7324414849
471.109375	-1
471.125	-1
471.125	0.7190635204
471.140625	0.7190635204
471.140625	-1
471.1875	-1
471.1875	0.6387959719
471.203125	0.6387959719
471.203125	-1
471.21875	-1
471.21875	0.6120401621
471.234375	0.6120401621
471.234375	0.5986621976
471.25	0.5986621976
471.25	0.6120401621
471.265625	0.6120401621
471.265625	-1
471.328125	-1
471.328125	0.6454849243
471.34375	0.6454849243
471.34375	-1
471.359375	-1
471.359375	0.6789297462
471.375	0.6789297462
471.375	-1
471.40625	-1
471.40625	0.7324414849
471.4375	0.7324414849
471.4375	-1
471.5	-1
471.5	0.3578595221
471.75	0.3578595221
471.75	-1
472	-1
472	0.7591972947
472.25	0.7591972947
472.25	-1
472.625	-1
472.625	0.806020081
472.75	0.806020081
472.75	-0.5652173758
472.875	-0.5652173758
472.875	-0.9665551782
473	-0.9665551782
473	-1
473.25	-1
473.25	0.1170568541
473.5	0.1170568541
473.5	1
474	1
474	-1
474.5	-1
474.5	1
474.875	1
474.875	-1
474.9375	-1
474.9375	1
475	1
475	-0.9331103563
475.0625	-0.9331103563
475.0625	-1
475.125	-1
475.125	1
475.375	1
475.375	-1
475.4375	-1
475.4375	1
475.625	1
475.625	-0.3311036825
475.6875	-0.3311036825
475.6875	-0.3244147301
475.75	-0.3244147301
475.75	1
475.8125	1
475.8125	-0.2909699082
475.875	-0.2909699082
475.875	1
476	1
476	-1
476.5	-1
476.5	0.7458193898
476.625	0.7458193898
476.625	-1
477.25	-1
477.25	0.5852842927
477.5	0.5852842927
477.5	-1
477.75	-1
477.75	0.5719063282
477.875	0.5719063282
477.875	0.5919732451
478	0.5919732451
478	-1
479	-1
479	0.7324414849
479.5	0.7324414849
479.5	-1
479.875	-1
479.875	0.4849498272
479.9375	0.4849498272
479.9375	-1
480	-1
480	0.4648829401
480.0625	0.4648829401
480.0625	-1
491.25	-1
491.25	-0.6120401621
491.265625	-0.6120401621
491.265625	-1
491.28125	-1
491.28125	-0.5852842927
491.296875	-0.5852842927
491.296875	-1
491.3125	-1
491.3125	-0.5785953403
491.328125	-0.5785953403
491.328125	-1
491.34375	-1
491.34375	-0.5518394709
491.359375	-0.5518394709
491.359375	-1
491.375	-1
491.375	-0.5518394709
491.390625	-0.5518394709
491.390625	-1
491.40625	-1
491.40625	-0.5250836015
491.421875	-0.5250836015
491.421875	-1
491.4375	-1
491.4375	-0.4381271005
491.453125	-0.4381271005
491.453125	-1
491.46875	-1
491.46875	-0.284280926
491.484375	-0.284280926
491.484375	-1
491.5	-1
491.5	-0.1772575229
491.515625	-0.1772575229
491.515625	-1
491.53125	-1
491.53125	-0.03010033444
491.546875	-0.03010033444
491.546875	-1
491.5625	-1
491.5625	0.0501672253
491.578125	0.0501672253
491.578125	-1
491.59375	-1
491.59375	0.1705685556
491.609375	0.1705685556
491.609375	-1
491.625	-1
491.625	0.2642140388
491.640625	0.2642140388
491.640625	-1
491.65625	-1
491.65625	0.4046822786
491.671875	0.4046822786
491.671875	-1
491.6875	-1
491.6875	0.5317725539
491.703125	0.5317725539
491.703125	-1
491.71875	-1
491.71875	0.6789297462
491.734375	0.6789297462
491.734375	-1
491.75	-1
491.75	0.806020081
491.765625	0.806020081
491.765625	0.8193979859
491.78125	0.8193979859
491.78125	-1
491.796875	-1
491.796875	0.913043499
491.828125	0.913043499
491.828125	-1
491.84375	-1
491.84375	1
491.875	1
491.875	-1
491.90625	-1
491.90625	1
491.9375	1
491.9375	-1
491.96875	-1
491.96875	1
492.015625	1
492.015625	-1
492.0625	-1
492.0625	1
492.125	1
492.125	-1
492.1875	-1
492.1875	1
492.265625	1
492.265625	-1
492.34375	-1
492.34375	1
492.4375	1
492.4375	-1
492.515625	-1
492.515625	1
492.640625	1
492.640625	-1
492.6875	-1
492.6875	1
492.8125	1
492.8125	-1
492.859375	-1
492.859375	0.9799330831
492.875	0.9799330831
492.875	1
492.9375	1
492.9375	-1
492.96875	-1
492.96875	0.9665551782
492.984375	0.9665551782
492.984375	1
493.015625	1
493.015625	-1
493.046875	-1
493.046875	1
493.078125	1
493.078125	-1
493.09375	-1
493.09375	0.9264214039
493.109375	0.9264214039
493.109375	0.9397993088
493.125	0.9397993088
493.125	0.8127090335
493.140625	0.8127090335
493.140625	0.8193979859
493.15625	0.8193979859
493.15625	0.6454849243
493.1875	0.6454849243
493.1875	-1
493.203125	-1
493.203125	0.5518394709
493.21875	0.5518394709
493.21875	-1
493.234375	-1
493.234375	0.4515050054
493.25	0.4515050054
493.25	-1
493.265625	-1
493.265625	0.4247491658
493.28125	0.4247491658
493.28125	-1
493.296875	-1
493.296875	0.4046822786
493.3125	0.4046822786
493.3125	-1
493.34375	-1
493.34375	0.3578595221
493.359375	0.3578595221
493.359375	0.3712374568
493.375	0.3712374568
493.375	-1
493.40625	-1
493.40625	0.3444816172
493.421875	0.3444816172
493.421875	0.337792635
493.4375	0.337792635
493.4375	-1
493.515625	-1
493.515625	0.3110367954
493.546875	0.3110367954
493.546875	-1
493.609375	-1
493.609375	0.09030100703
493.640625	0.09030100703
493.640625	-1
493.71875	-1
493.71875	-0.1906354576
493.75	-0.1906354576
493.75	-1
493.875	-1
493.875	-0.5451505184
493.9375	-0.5451505184
493.9375	-1
494.0625	-1
494.0625	-0.8528428078
494.125	-0.8528428078
494.125	-1
494.25	-1
494.25	0.2240802646
494.375	0.2240802646
494.375	0.2307692319
494.5	0.2307692319
494.5	-1
494.625	-1
494.625	0.2374581993
494.75	0.2374581993
494.75	-0.6120401621
494.765625	-0.6120401621
494.765625	-1
494.78125	-1
494.78125	-0.5852842927
494.796875	-0.5852842927
494.796875	-1
494.8125	-1
494.8125	-0.284280926
494.875	-0.284280926
494.875	-0.5518394709
494.890625	-0.5518394709
494.890625	-1
494.90625	-1
494.90625	-0.5250836015
494.921875	-0.5250836015
494.921875	-1
494.9375	-1
494.9375	-0.4381271005
494.953125	-0.4381271005
494.953125	-1
494.96875	-1
494.96875	-0.284280926
494.984375	-0.284280926
494.984375	-1
495	-1
495	0.3177257478
495.125	0.3177257478
495.125	0.2642140388
495.140625	0.2642140388
495.140625	-1
495.15625	-1
495.15625	0.4046822786
495.171875	0.4046822786
495.171875	-1
495.1875	-1
495.1875	0.6521739364
495.25	0.6521739364
495.25	0.806020081
495.265625	0.806020081
495.265625	0.8193979859
495.28125	0.8193979859
495.28125	-1
495.296875	-1
495.296875	0.913043499
495.328125	0.913043499
495.328125	-1
495.34375	-1
495.34375	1
495.375	1
495.375	-1
495.40625	-1
495.40625	1
495.4375	1
495.4375	-1
495.46875	-1
495.46875	1
495.625	1
495.625	-1
495.6875	-1
495.6875	1
495.9375	1
495.9375	-1
496.015625	-1
496.015625	1
496.3125	1
496.3125	-1
496.359375	-1
496.359375	0.9799330831
496.375	0.9799330831
496.375	1
496.4375	1
496.4375	-1
496.46875	-1
496.46875	0.9665551782
496.484375	0.9665551782
496.484375	1
496.515625	1
496.515625	-1
496.546875	-1
496.546875	1
496.578125	1
496.578125	-1
496.59375	-1
496.59375	0.9264214039
496.609375	0.9264214039
496.609375	0.9397993088
496.625	0.9397993088
496.625	0.8127090335
496.640625	0.8127090335
496.640625	0.8193979859
496.65625	0.8193979859
496.65625	0.6454849243
496.6875	0.6454849243
496.6875	-1
496.703125	-1
496.703125	0.5518394709
496.71875	0.5518394709
496.71875	-1
496.734375	-1
496.734375	0.4515050054
496.75	0.4515050054
496.75	-1
496.765625	-1
496.765625	0.4247491658
496.78125	0.4247491658
496.78125	-1
496.796875	-1
496.796875	0.4046822786
496.8125	0.4046822786
496.8125	0.1103678942
496.875	0.1103678942
496.875	0.143812716
496.9375	0.143812716
496.9375	0.1237458214
497.0625	0.1237458214
497.0625	-1
497.109375	-1
497.109375	0.09030100703
497.140625	0.09030100703
497.140625	-1
497.21875	-1
497.21875	-0.1906354576
497.25	-0.1906354576
497.25	-1
497.3125	-1
497.3125	-0.01672240719
497.375	-0.01672240719
497.375	-0.02341137081
497.4375	-0.02341137081
497.4375	-0.4715718925
497.5	-0.4715718925
497.5	-0.4849498272
497.625	-0.4849498272
497.625	-1
516.5	-1
516.5	0.8193979859
517	0.8193979859
517	0.6588628888
517.5	0.6588628888
517.5	-1
519	-1
519	0.2909699082
519.09375	0.2909699082
519.09375	-1
519.125	-1
519.125	0.2909699082
519.15625	0.2909699082
519.15625	-1
519.1875	-1
519.1875	0.2909699082
519.25	0.2909699082
519.25	-1
519.5	-1
519.5	-0.06354515254
519.59375	-0.06354515254
519.59375	-1
519.65625	-1
519.65625	-0.07023411244
519.75	-0.07023411244
519.75	-1
526.5	-1
526.5	0.5919732451
526.625	0.5919732451
526.625	-1
526.71875	-1
526.71875	-0.250836134
526.78125	-0.250836134
526.78125	-1
526.8125	-1
526.8125	-0.5585284233
526.8259409860972	-0.5585284233
526.8259409860972	0.7591972947
527.0759409860972	0.7591972947
527.0759409860972	-1
527.4509409860972	-1
527.4509409860972	0.806020081
527.5759409860972	0.806020081
527.5759409860972	-0.5652173758
527.7009409860972	-0.5652173758
527.7009409860972	-0.9665551782
527.8259409860972	-0.9665551782
527.8259409860972	-1
528.0759409860972	-1
528.0759409860972	0.1170568541
528.3259409860972	0.1170568541
528.3259409860972	1
528.8259409860972	1
528.8259409860972	-1
529.3259409860972	-1
529.3259409860972	1
529.7009409860972	1
529.7009409860972	-1
529.7634409860972	-1
529.7634409860972	1
529.8259409860972	1
529.8259409860972	-0.9331103563
529.8884409860972	-0.9331103563
529.8884409860972	-1
529.9509409860972	-1
529.9509409860972	1
530.2009409860972	1
530.2009409860972	-1
530.2634409860972	-1
530.2634409860972	1
530.4509409860972	1
530.4509409860972	-0.3311036825
530.5134409860972	-0.3311036825
530.5134409860972	-0.3244147301
530.5759409860972	-0.3244147301
530.5759409860972	1
530.6384409860972	1
530.6384409860972	-0.2909699082
530.7009409860972	-0.2909699082
530.7009409860972	1
530.8259409860972	1
530.8259409860972	-1
531.3259409860972	-1
531.3259409860972	0.7458193898
531.4509409860972	0.7458193898
531.4509409860972	-1
532.0759409860972	-1
532.0759409860972	0.5852842927
532.3259409860972	0.5852842927
532.3259409860972	-1
532.5759409860972	-1
532.5759409860972	0.5719063282
532.7009409860972	0.5719063282
532.7009409860972	0.5919732451
532.8259409860972	0.5919732451
532.8259409860972	-1
533.8259409860972	-1
533.8259409860972	0.7324414849
534.3259409860972	0.7324414849
534.3259409860972	-1
534.7009409860972	-1
534.7009409860972	0.4849498272
534.7634409860972	0.4849498272
534.7634409860972	-1
534.8259409860972	-1
534.8259409860972	0.7591972947
535.0759409860972	0.7591972947
535.0759409860972	-1
535.4509409860972	-1
535.4509409860972	0.806020081
535.5759409860972	0.806020081
535.5759409860972	-0.5652173758
535.7009409860972	-0.5652173758
535.7009409860972	-0.9665551782
535.8259409860972	-0.9665551782
535.8259409860972	-1
536.0759409860972	-1
536.0759409860972	0.1170568541
536.3259409860972	0.1170568541
536.3259409860972	1
536.8259409860972	1
536.8259409860972	-1
537.3259409860972	-1
537.3259409860972	1
537.7009409860972	1
537.7009409860972	-1
537.7634409860972	-1
537.7634409860972	1
537.8259409860972	1
537.8259409860972	-0.9331103563
537.8884409860972	-0.9331103563
537.8884409860972	-1
537.9509409860972	-1
537.9509409860972	1
538.2009409860972	1
538.2009409860972	-1
538.2634409860972	-1
538.2634409860972	1
538.4509409860972	1
538.4509409860972	-0.3311036825
538.5134409860972	-0.3311036825
538.5134409860972	-0.3244147301
538.5759409860972	-0.3244147301
538.5759409860972	1
538.6384409860972	1
538.6384409860972	-0.2909699082
538.7009409860972	-0.2909699082
538.7009409860972	1
538.8259409860972	1
538.8259409860972	-1
539.3259409860972	-1
539.3259409860972	0.7458193898
539.4509409860972	0.7458193898
539.4509409860972	-1
540.0759409860972	-1
540.0759409860972	0.5852842927
540.3259409860972	0.5852842927
540.3259409860972	-1
540.5759409860972	-1
540.5759409860972	0.5719063282
540.7009409860972	0.5719063282
540.7009409860972	0.5919732451
540.8259409860972	0.5919732451
540.8259409860972	-1
541.8259409860972	-1
541.8259409860972	0.7324414849
542.3259409860972	0.7324414849
542.3259409860972	-1
542.7009409860972	-1
542.7009409860972	0.4849498272
542.7634409860972	0.4849498272
542.7634409860972	-1
542.8259409860972	-1
542.8259409860972	0.7591972947
543.0759409860972	0.7591972947
543.0759409860972	-1
543.4509409860972	-1
543.4509409860972	0.806020081
543.5759409860972	0.806020081
543.5759409860972	-0.5652173758
543.7009409860972	-0.5652173758
543.7009409860972	-0.9665551782
543.8259409860972	-0.9665551782
543.8259409860972	-1
544.0759409860972	-1
544.0759409860972	0.1170568541
544.3259409860972	0.1170568541
544.3259409860972	1
544.8259409860972	1
544.8259409860972	-1
545.3259409860972	-1
545.3259409860972	1
545.7009409860972	1
545.7009409860972	-1
545.7634409860972	-1
545.7634409860972	1
545.8259409860972	1
545.8259409860972	-0.9331103563
545.8884409860972	-0.9331103563
545.8884409860972	-1
545.9509409860972	-1
545.9509409860972	1
546.2009409860972	1
546.2009409860972	-1
546.2634409860972	-1
546.2634409860972	1
546.4509409860972	1
546.4509409860972	-0.3311036825
546.5134409860972	-0.3311036825
546.5134409860972	-0.3244147301
546.5759409860972	-0.3244147301
546.5759409860972	1
546.6384409860972	1
546.6384409860972	-0.2909699082
546.7009409860972	-0.2909699082
546.7009409860972	1
546.8259409860972	1
546.8259409860972	-1
547.3259409860972	-1
547.3259409860972	0.7458193898
547.4509409860972	0.7458193898
547.4509409860972	-1
548.0759409860972	-1
548.0759409860972	0.5852842927
548.3259409860972	0.5852842927
548.3259409860972	-1
548.5759409860972	-1
548.5759409860972	0.5719063282
548.7009409860972	0.5719063282
548.7009409860972	0.5919732451
548.8259409860972	0.5919732451
548.8259409860972	-1
549.8259409860972	-1
549.8259409860972	0.7324414849
550.3259409860972	0.7324414849
550.3259409860972	-1
550.7009409860972	-1
550.7009409860972	0.4849498272
550.7634409860972	0.4849498272
550.7634409860972	-1
550.8259409860972	-1
550.8259409860972	0.7591972947
551.0759409860972	0.7591972947
551.0759409860972	-1
551.4509409860972	-1
551.4509409860972	0.806020081
551.5759409860972	0.806020081
551.5759409860972	-0.5652173758
551.7009409860972	-0.5652173758
551.7009409860972	-0.9665551782
551.8259409860972	-0.9665551782
551.8259409860972	-1
552.0759409860972	-1
552.0759409860972	0.1170568541
552.3259409860972	0.1170568541
552.3259409860972	1
552.8259409860972	1
552.8259409860972	-1
553.3259409860972	-1
553.3259409860972	1
553.7009409860972	1
553.7009409860972	-1
553.7634409860972	-1
553.7634409860972	1
553.8259409860972	1
553.8259409860972	-0.9331103563
553.8884409860972	-0.9331103563
553.8884409860972	-1
553.9509409860972	-1
553.9509409860972	1
554.2009409860972	1
554.2009409860972	-1
554.2634409860972	-1
554.2634409860972	1
554.4509409860972	1
554.4509409860972	-0.3311036825
554.5134409860972	-0.3311036825
554.5134409860972	-0.3244147301
554.5759409860972	-0.3244147301
554.5759409860972	1
554.6384409860972	1
554.6384409860972	-0.2909699082
554.7009409860972	-0.2909699082
554.7009409860972	1
554.8259409860972	1
554.8259409860972	-1
555.3259409860972	-1
555.3259409860972	0.7458193898
555.4509409860972	0.7458193898
555.4509409860972	-1
556.0759409860972	-1
556.0759409860972	0.5852842927
556.3259409860972	0.5852842927
556.3259409860972	-1
556.5759409860972	-1
556.5759409860972	0.5719063282
556.7009409860972	0.5719063282
556.7009409860972	0.5919732451
556.8259409860972	0.5919732451
556.8259409860972	-1
557.8259409860972	-1
557.8259409860972	0.7324414849
558.3259409860972	0.7324414849
558.3259409860972	-1
558.7009409860972	-1
558.7009409860972	0.4849498272
558.7634409860972	0.4849498272
558.7634409860972	-1
558.8259409860972	-1
558.8259409860972	0.7591972947
559.0759409860972	0.7591972947
559.0759409860972	-1
559.4509409860972	-1
559.4509409860972	0.806020081
559.5759409860972	0.806020081
559.5759409860972	-0.5652173758
559.7009409860972	-0.5652173758
559.7009409860972	-0.9665551782
559.8259409860972	-0.9665551782
559.8259409860972	-1
560.0759409860972	-1
560.0759409860972	0.1170568541
560.3259409860972	0.1170568541
560.3259409860972	1
560.8259409860972	1
560.8259409860972	-1
561.3259409860972	-1
561.3259409860972	1
561.7009409860972	1
561.7009409860972	-1
561.7634409860972	-1
561.7634409860972	1
561.8259409860972	1
561.8259409860972	-0.9331103563
561.8884409860972	-0.9331103563
561.8884409860972	-1
561.9509409860972	-1
561.9509409860972	1
562.2009409860972	1
562.2009409860972	-1
562.2634409860972	-1
562.2634409860972	1
562.4509409860972	1
562.4509409860972	-0.3311036825
562.5134409860972	-0.3311036825
562.5134409860972	-0.3244147301
562.5759409860972	-0.3244147301
562.5759409860972	1
562.6384409860972	1
562.6384409860972	-0.2909699082
562.7009409860972	-0.2909699082
562.7009409860972	1
562.8259409860972	1
562.8259409860972	-1
563.3259409860972	-1
563.3259409860972	0.7458193898
563.4509409860972	0.7458193898
563.4509409860972	-1
564.0759409860972	-1
564.0759409860972	0.5852842927
564.3259409860972	0.5852842927
564.3259409860972	-1
564.5759409860972	-1
564.5759409860972	0.5719063282
564.7009409860972	0.5719063282
564.7009409860972	0.5919732451
564.8259409860972	0.5919732451
564.8259409860972	-1
565.8259409860972	-1
565.8259409860972	0.7324414849
566.3259409860972	0.7324414849
566.3259409860972	-1
566.7009409860972	-1
566.7009409860972	0.4849498272
566.7634409860972	0.4849498272
566.7634409860972	-1
566.8259409860972	-1
566.8259409860972	0.7591972947
567.0759409860972	0.7591972947
567.0759409860972	-1
567.4509409860972	-1
567.4509409860972	0.806020081
567.5759409860972	0.806020081
567.5759409860972	-0.5652173758
567.7009409860972	-0.5652173758
567.7009409860972	-0.9665551782
567.8259409860972	-0.9665551782
567.8259409860972	-1
568.0759409860972	-1
568.0759409860972	0.1170568541
568.3259409860972	0.1170568541
568.3259409860972	1
568.8259409860972	1
568.8259409860972	-1
569.3259409860972	-1
569.3259409860972	1
569.7009409860972	1
569.7009409860972	-1
569.7634409860972	-1
569.7634409860972	1
569.8259409860972	1
569.8259409860972	-0.9331103563
569.8884409860972	-0.9331103563
569.8884409860972	-1
569.9509409860972	-1
569.9509409860972	1
570.2009409860972	1
570.2009409860972	-1
570.2634409860972	-1
570.2634409860972	1
570.4509409860972	1
570.4509409860972	-0.3311036825
570.5134409860972	-0.3311036825
570.5134409860972	-0.3244147301
570.5759409860972	-0.3244147301
570.5759409860972	1
570.6384409860972	1
570.6384409860972	-0.2909699082
570.7009409860972	-0.2909699082
570.7009409860972	1
570.8259409860972	1
570.8259409860972	-1
571.3259409860972	-1
571.3259409860972	0.7458193898
571.4509409860972	0.7458193898
571.4509409860972	-1
572.0759409860972	-1
572.0759409860972	0.5852842927
572.3259409860972	0.5852842927
572.3259409860972	-1
572.5759409860972	-1
572.5759409860972	0.5719063282
572.7009409860972	0.5719063282
572.7009409860972	0.5919732451
572.8259409860972	0.5919732451
572.8259409860972	-1
573.8259409860972	-1
573.8259409860972	0.7324414849
574.3259409860972	0.7324414849
574.3259409860972	-1
574.7009409860972	-1
574.7009409860972	0.4849498272
574.7634409860972	0.4849498272
574.7634409860972	-1
574.8259409860972	-1
574.8259409860972	0.7591972947
575.0759409860972	0.7591972947
575.0759409860972	-1
575.4509409860972	-1
575.4509409860972	0.806020081
575.5759409860972	0.806020081
575.5759409860972	-0.5652173758
575.7009409860972	-0.5652173758
575.7009409860972	-0.9665551782
575.8259409860972	-0.9665551782
575.8259409860972	-1
576.0759409860972	-1
576.0759409860972	0.1170568541
576.3259409860972	0.1170568541
576.3259409860972	1
576.8259409860972	1
576.8259409860972	-1
577.3259409860972	-1
577.3259409860972	1
577.7009409860972	1
577.7009409860972	-1
577.7634409860972	-1
577.7634409860972	1
577.8259409860972	1
577.8259409860972	-0.9331103563
577.8884409860972	-0.9331103563
577.8884409860972	-1
577.9509409860972	-1
577.9509409860972	1
578.2009409860972	1
578.2009409860972	-1
578.2634409860972	-1
578.2634409860972	1
578.4509409860972	1
578.4509409860972	-0.3311036825
578.5134409860972	-0.3311036825
578.5134409860972	-0.3244147301
578.5759409860972	-0.3244147301
578.5759409860972	1
578.6384409860972	1
578.6384409860972	-0.2909699082
578.7009409860972	-0.2909699082
578.7009409860972	1
578.8259409860972	1
578.8259409860972	-1
579.3259409860972	-1
579.3259409860972	0.7458193898
579.4509409860972	0.7458193898
579.4509409860972	-1
580.0759409860972	-1
580.0759409860972	0.5852842927
580.3259409860972	0.5852842927
580.3259409860972	-1
580.5759409860972	-1
580.5759409860972	0.5719063282
580.7009409860972	0.5719063282
580.7009409860972	0.5919732451
580.8259409860972	0.5919732451
580.8259409860972	-1
581.8259409860972	-1
581.8259409860972	0.7324414849
582.3259409860972	0.7324414849
582.3259409860972	-1
582.7009409860972	-1
582.7009409860972	0.4849498272
582.7634409860972	0.4849498272
582.7634409860972	-1
582.8259409860972	-1
582.8259409860972	0.7591972947
583.0759409860972	0.7591972947
583.0759409860972	-1
583.4509409860972	-1
583.4509409860972	0.806020081
583.5759409860972	0.806020081
583.5759409860972	-0.5652173758
583.7009409860972	-0.5652173758
583.7009409860972	-0.9665551782
583.8259409860972	-0.9665551782
583.8259409860972	-1
584.0759409860972	-1
584.0759409860972	0.1170568541
584.3259409860972	0.1170568541
584.3259409860972	1
584.8259409860972	1
584.8259409860972	-1
585.3259409860972	-1
585.3259409860972	1
585.7009409860972	1
585.7009409860972	-1
585.7634409860972	-1
585.7634409860972	1
585.8259409860972	1
585.8259409860972	-0.9331103563
585.8884409860972	-0.9331103563
585.8884409860972	-1
585.9509409860972	-1
585.9509409860972	1
586.2009409860972	1
586.2009409860972	-1
586.2634409860972	-1
586.2634409860972	1
586.4509409860972	1
586.4509409860972	-0.3311036825
586.5134409860972	-0.3311036825
586.5134409860972	-0.3244147301
586.5759409860972	-0.3244147301
586.5759409860972	1
586.6384409860972	1
586.6384409860972	-0.2909699082
586.7009409860972	-0.2909699082
586.7009409860972	1
586.8259409860972	1
586.8259409860972	-1
587.3259409860972	-1
587.3259409860972	0.7458193898
587.4509409860972	0.7458193898
587.4509409860972	-1
588.0759409860972	-1
588.0759409860972	0.5852842927
588.3259409860972	0.5852842927
588.3259409860972	-1
588.5759409860972	-1
588.5759409860972	0.5719063282
588.7009409860972	0.5719063282
588.7009409860972	0.5919732451
588.8259409860972	0.5919732451
588.8259409860972	-1
589.8259409860972	-1
589.8259409860972	0.7324414849
590.3259409860972	0.7324414849
590.3259409860972	-1
590.7009409860972	-1
590.7009409860972	0.4849498272
590.7634409860972	0.4849498272
590.7634409860972	-1
590.8259409860972	-1
590.8259409860972	0.7591972947
591.0759409860972	0.7591972947
591.0759409860972	-1
591.4509409860972	-1
591.4509409860972	0.806020081
591.5759409860972	0.806020081
591.5759409860972	-0.5652173758
591.7009409860972	-0.5652173758
591.7009409860972	-0.9665551782
591.8259409860972	-0.9665551782
591.8259409860972	-1
592.0759409860972	-1
592.0759409860972	0.1170568541
592.3259409860972	0.1170568541
592.3259409860972	1
592.8259409860972	1
592.8259409860972	-1
593.3259409860972	-1
593.3259409860972	1
593.7009409860972	1
593.7009409860972	-1
593.7634409860972	-1
593.7634409860972	1
593.8259409860972	1
593.8259409860972	-0.9331103563
593.8884409860972	-0.9331103563
593.8884409860972	-1
593.9509409860972	-1
593.9509409860972	1
594.2009409860972	1
594.2009409860972	-1
594.2634409860972	-1
594.2634409860972	1
594.4509409860972	1
594.4509409860972	-0.3311036825
594.5134409860972	-0.3311036825
594.5134409860972	-0.3244147301
594.5759409860972	-0.3244147301
594.5759409860972	1
594.6384409860972	1
594.6384409860972	-0.2909699082
594.7009409860972	-0.2909699082
594.7009409860972	1
594.8259409860972	1
594.8259409860972	-1
595.3259409860972	-1
595.3259409860972	0.7458193898
595.4509409860972	0.7458193898
595.4509409860972	-1
596.0759409860972	-1
596.0759409860972	0.5852842927
596.3259409860972	0.5852842927
596.3259409860972	-1
596.5759409860972	-1
596.5759409860972	0.5719063282
596.7009409860972	0.5719063282
596.7009409860972	0.5919732451
596.8259409860972	0.5919732451
596.8259409860972	-1
597.8259409860972	-1
597.8259409860972	0.7324414849
598.3259409860972	0.7324414849
598.3259409860972	-1
598.7009409860972	-1
598.7009409860972	0.4849498272
598.7634409860972	0.4849498272
598.7634409860972	-1
598.8259409860972	-1
598.8259409860972	0.7591972947
599.0759409860972	0.7591972947
599.0759409860972	-1
599.4509409860972	-1
599.4509409860972	0.806020081
599.5759409860972	0.806020081
599.5759409860972	-0.5652173758
599.7009409860972	-0.5652173758
599.7009409860972	-0.9665551782
599.8259409860972	-0.9665551782
599.8259409860972	-1
600.0759409860972	-1
600.0759409860972	0.1170568541
600.3259409860972	0.1170568541
600.3259409860972	1
600.75	1
600.75	0.4902491450191912
601.1672931235431	0.5250836015
601.1672931235431	-1
601.25	-1
601.25	-0.17756835813137234
601.5	-0.15669906115791724
601.5	-0.7529716080057285
601.75	-0.7452519707559075
601.75	-0.8147287060042965
602	-0.8070090687544755
602	-0.8764858040028642
603	-0.8456072550035804
603	-0.9382429020014321
620.279329524642	-0.4046822786
631.4172931235431	0.5250836015
631.4172931235431	-1
631.75	-1
631.75	0.5585284233
632	0.5585284233
632	-1
632.0625	-1
632.0625	0.7190635204
632.078125	0.7190635204
632.078125	-1
632.09375	-1
632.09375	0.7324414849
632.109375	0.7324414849
632.109375	-1
632.125	-1
632.125	0.7190635204
632.140625	0.7190635204
632.140625	-1
632.1875	-1
632.1875	0.6387959719
632.203125	0.6387959719
632.203125	-1
632.21875	-1
632.21875	0.6120401621
632.234375	0.6120401621
632.234375	0.5986621976
632.25	0.5986621976
632.25	0.6120401621
632.265625	0.6120401621
632.265625	-1
632.328125	-1
632.328125	0.6454849243
632.34375	0.6454849243
632.34375	-1
632.359375	-1
632.359375	0.6789297462
632.375	0.6789297462
632.375	-1
632.40625	-1
632.40625	0.7324414849
632.4375	0.7324414849
632.4375	-1
632.5	-1
632.5	0.3578595221
632.75	0.3578595221
632.75	-1
633	-1
633	0.7591972947
633.25	0.7591972947
633.25	-1
633.625	-1
633.625	0.806020081
633.75	0.806020081
633.75	-0.5652173758
633.875	-0.5652173758
633.875	-0.9665551782
634	-0.9665551782
634	-1
634.25	-1
634.25	0.1170568541
634.5	0.1170568541
634.5	1
635	1
635	-1
635.5	-1
635.5	1
635.875	1
635.875	-1
635.9375	-1
635.9375	1
636	1
636	-0.9331103563
636.0625	-0.9331103563
636.0625	-1
636.125	-1
636.125	1
636.375	1
636.375	-1
636.4375	-1
636.4375	1
636.625	1
636.625	-0.3311036825
636.6875	-0.3311036825
636.6875	-0.3244147301
636.75	-0.3244147301
636.75	1
636.8125	1
636.8125	-0.2909699082
636.875	-0.2909699082
636.875	1
637	1
637	-1
637.5	-1
637.5	0.7458193898
637.625	0.7458193898
637.625	-1
638.25	-1
638.25	0.5852842927
638.5	0.5852842927
638.5	-1
638.75	-1
638.75	0.5719063282
638.875	0.5719063282
638.875	0.5919732451
639	0.5919732451
639	-1
640	-1
640	0.7324414849
640.5	0.7324414849
640.5	-1
640.875	-1
640.875	0.4849498272
640.9375	0.4849498272
640.9375	-1
641	-1
641	-0.9382429020014321
658.279329524642	-0.4046822786
669.4172931235431	0.5250836015
669.4172931235431	-1
669.75	-1
669.75	0.5585284233
670	0.5585284233
670	-1
670.0625	-1
670.0625	0.7190635204
670.078125	0.7190635204
670.078125	-1
670.09375	-1
670.09375	0.7324414849
670.109375	0.7324414849
670.109375	-1
670.125	-1
670.125	0.7190635204
670.140625	0.7190635204
670.140625	-1
670.1875	-1
670.1875	0.6387959719
670.203125	0.6387959719
670.203125	-1
670.21875	-1
670.21875	0.6120401621
670.234375	0.6120401621
670.234375	0.5986621976
670.25	0.5986621976
670.25	0.6120401621
670.265625	0.6120401621
670.265625	-1
670.328125	-1
670.328125	0.6454849243
670.34375	0.6454849243
670.34375	-1
670.359375	-1
670.359375	0.6789297462
670.375	0.6789297462
670.375	-1
670.40625	-1
670.40625	0.7324414849
670.4375	0.7324414849
670.4375	-1
670.5	-1
670.5	0.3578595221
670.75	0.3578595221
670.75	-1
671	-1
671	0.7591972947
671.25	0.7591972947
671.25	-1
671.625	-1
671.625	0.806020081
671.75	0.806020081
671.75	-0.5652173758
671.875	-0.5652173758
671.875	-0.9665551782
672	-0.9665551782
672	-1
672.25	-1
672.25	0.1170568541
672.5	0.1170568541
672.5	1
673	1
673	-1
673.5	-1
673.5	1
673.875	1
673.875	-1
673.9375	-1
673.9375	1
674	1
674	-0.9331103563
674.0625	-0.9331103563
674.0625	-1
674.125	-1
674.125	1
674.375	1
674.375	-1
674.4375	-1
674.4375	1
674.625	1
674.625	-0.3311036825
674.6875	-0.3311036825
674.6875	-0.3244147301
674.75	-0.3244147301
674.75	1
674.8125	1
674.8125	-0.2909699082
674.875	-0.2909699082
674.875	1
675	1
675	-1
675.5	-1
675.5	0.7458193898
675.625	0.7458193898
675.625	-1
676.25	-1
676.25	0.5852842927
676.5	0.5852842927
676.5	-1
676.75	-1
676.75	0.5719063282
676.875	0.5719063282
676.875	0.5919732451
677	0.5919732451
677	-1
678	-1
678	0.7324414849
678.5	0.7324414849
678.5	-1
678.875	-1
678.875	0.4849498272
678.9375	0.4849498272
678.9375	-1
679	-1
679	-0.9382429020014321
696.279329524642	-0.4046822786
707.4172931235431	0.5250836015
707.4172931235431	-1
707.75	-1
707.75	0.5585284233
708	0.5585284233
708	-1
708.0625	-1
708.0625	0.7190635204
708.078125	0.7190635204
708.078125	-1
708.09375	-1
708.09375	0.7324414849
708.109375	0.7324414849
708.109375	-1
708.125	-1
708.125	0.7190635204
708.140625	0.7190635204
708.140625	-1
708.1875	-1
708.1875	0.6387959719
708.203125	0.6387959719
708.203125	-1
708.21875	-1
708.21875	0.6120401621
708.234375	0.6120401621
708.234375	0.5986621976
708.25	0.5986621976
708.25	0.6120401621
708.265625	0.6120401621
708.265625	-1
708.328125	-1
708.328125	0.6454849243
708.34375	0.6454849243
708.34375	-1
708.359375	-1
708.359375	0.6789297462
708.375	0.6789297462
708.375	-1
708.40625	-1
708.40625	0.7324414849
708.4375	0.7324414849
708.4375	-1
708.5	-1
708.5	0.3578595221
708.75	0.3578595221
708.75	-1
709	-1
709	0.7591972947
709.25	0.7591972947
709.25	-1
709.625	-1
709.625	0.806020081
709.75	0.806020081
709.75	-0.5652173758
709.875	-0.5652173758
709.875	-0.9665551782
710	-0.9665551782
710	-1
710.25	-1
710.25	0.1170568541
710.5	0.1170568541
710.5	1
711	1
711	-1
711.5	-1
711.5	1
711.875	1
711.875	-1
711.9375	-1
711.9375	1
712	1
712	-0.9331103563
712.0625	-0.9331103563
712.0625	-1
712.125	-1
712.125	1
712.375	1
712.375	-1
712.4375	-1
712.4375	1
712.625	1
712.625	-0.3311036825
712.6875	-0.3311036825
712.6875	-0.3244147301
712.75	-0.3244147301
712.75	1
712.8125	1
712.8125	-0.2909699082
712.875	-0.2909699082
712.875	1
713	1
713	-1
713.5	-1
713.5	0.7458193898
713.625	0.7458193898
713.625	-1
714.25	-1
714.25	0.5852842927
714.5	0.5852842927
714.5	-1
714.75	-1
714.75	0.5719063282
714.875	0.5719063282
714.875	0.5919732451
715	0.5919732451
715	-1
716	-1
716	0.7324414849
716.5	0.7324414849
716.5	-1
716.875	-1
716.875	0.4849498272
716.9375	0.4849498272
716.9375	-1
717	-1
717	-0.9382429020014321
734.279329524642	-0.4046822786
745.4172931235431	0.5250836015
745.4172931235431	-1
745.75	-1
745.75	0.5585284233
746	0.5585284233
746	-1
746.0625	-1
746.0625	0.7190635204
746.078125	0.7190635204
746.078125	-1
746.09375	-1
746.09375	0.7324414849
746.109375	0.7324414849
746.109375	-1
746.125	-1
746.125	0.7190635204
746.140625	0.7190635204
746.140625	-1
746.1875	-1
746.1875	0.6387959719
746.203125	0.6387959719
746.203125	-1
746.21875	-1
746.21875	0.6120401621
746.234375	0.6120401621
746.234375	0.5986621976
746.25	0.5986621976
746.25	0.6120401621
746.265625	0.6120401621
746.265625	-1
746.328125	-1
746.328125	0.6454849243
746.34375	0.6454849243
746.34375	-1
746.359375	-1
746.359375	0.6789297462
746.375	0.6789297462
746.375	-1
746.40625	-1
746.40625	0.7324414849
746.4375	0.7324414849
746.4375	-1
746.5	-1
746.5	0.3578595221
746.75	0.3578595221
746.75	-1
747	-1
747	0.7591972947
747.25	0.7591972947
747.25	-1
747.625	-1
747.625	0.806020081
747.75	0.806020081
747.75	-0.5652173758
747.875	-0.5652173758
747.875	-0.9665551782
748	-0.9665551782
748	-1
748.25	-1
748.25	0.1170568541
748.5	0.1170568541
748.5	1
749	1
749	-1
749.5	-1
749.5	1
749.875	1
749.875	-1
749.9375	-1
749.9375	1
750	1
750	-0.9331103563
750.0625	-0.9331103563
750.0625	-1
750.125	-1
750.125	1
750.375	1
750.375	-1
750.4375	-1
750.4375	1
750.625	1
750.625	-0.3311036825
750.6875	-0.3311036825
750.6875	-0.3244147301
750.75	-0.3244147301
750.75	1
750.8125	1
750.8125	-0.2909699082
750.875	-0.2909699082
750.875	1
751	1
751	-1
751.5	-1
751.5	0.7458193898
751.625	0.7458193898
751.625	-1
752.25	-1
752.25	0.5852842927
752.5	0.5852842927
752.5	-1
752.75	-1
752.75	0.5719063282
752.875	0.5719063282
752.875	0.5919732451
753	0.5919732451
753	-1
754	-1
754	0.7324414849
754.5	0.7324414849
754.5	-1
754.875	-1
754.875	0.4849498272
754.9375	0.4849498272
754.9375	-1
755	-1
755	-0.9382429020014321
772.279329524642	-0.4046822786
783.4172931235431	0.5250836015
783.4172931235431	-1
783.75	-1
783.75	0.5585284233
784	0.5585284233
784	-1
784.0625	-1
784.0625	0.7190635204
784.078125	0.7190635204
784.078125	-1
784.09375	-1
784.09375	0.7324414849
784.109375	0.7324414849
784.109375	-1
784.125	-1
784.125	0.7190635204
784.140625	0.7190635204
784.140625	-1
784.1875	-1
784.1875	0.6387959719
784.203125	0.6387959719
784.203125	-1
784.21875	-1
784.21875	0.6120401621
784.234375	0.6120401621
784.234375	0.5986621976
784.25	0.5986621976
784.25	0.6120401621
784.265625	0.6120401621
784.265625	-1
784.328125	-1
784.328125	0.6454849243
784.34375	0.6454849243
784.34375	-1
784.359375	-1
784.359375	0.6789297462
784.375	0.6789297462
784.375	-1
784.40625	-1
784.40625	0.7324414849
784.4375	0.7324414849
784.4375	-1
784.5	-1
784.5	0.3578595221
784.75	0.3578595221
784.75	-1
785	-1
785	0.7591972947
785.25	0.7591972947
785.25	-1
785.625	-1
785.625	0.806020081
785.75	0.806020081
785.75	-0.5652173758
785.875	-0.5652173758
785.875	-0.9665551782
786	-0.9665551782
786	-1
786.25	-1
786.25	0.1170568541
786.5	0.1170568541
786.5	1
787	1
787	-1
787.5	-1
787.5	1
787.875	1
787.875	-1
787.9375	-1
787.9375	1
788	1
788	-0.9331103563
788.0625	-0.9331103563
788.0625	-1
788.125	-1
788.125	1
788.375	1
788.375	-1
788.4375	-1
788.4375	1
788.625	1
788.625	-0.3311036825
788.6875	-0.3311036825
788.6875	-0.3244147301
788.75	-0.3244147301
788.75	1
788.8125	1
788.8125	-0.2909699082
788.875	-0.2909699082
788.875	1
789	1
789	-1
789.5	-1
789.5	0.7458193898
789.625	0.7458193898
789.625	-1
790.25	-1
790.25	0.5852842927
790.5	0.5852842927
790.5	-1
790.75	-1
790.75	0.5719063282
790.875	0.5719063282
790.875	0.5919732451
791	0.5919732451
791	-1
792	-1
792	0.7324414849
792.5	0.7324414849
792.5	-1
792.875	-1
792.875	0.4849498272
792.9375	0.4849498272
792.9375	-1
793	-1
793	-0.9382429020014321
810.279329524642	-0.4046822786
821.4172931235431	0.5250836015
821.4172931235431	-1
821.75	-1
821.75	0.5585284233
822	0.5585284233
822	-1
822.0625	-1
822.0625	0.7190635204
822.078125	0.7190635204
822.078125	-1
822.09375	-1
822.09375	0.7324414849
822.109375	0.7324414849
822.109375	-1
822.125	-1
822.125	0.7190635204
822.140625	0.7190635204
822.140625	-1
822.1875	-1
822.1875	0.6387959719
822.203125	0.6387959719
822.203125	-1
822.21875	-1
822.21875	0.6120401621
822.234375	0.6120401621
822.234375	0.5986621976
822.25	0.5986621976
822.25	0.6120401621
822.265625	0.6120401621
822.265625	-1
822.328125	-1
822.328125	0.6454849243
822.34375	0.6454849243
822.34375	-1
822.359375	-1
822.359375	0.6789297462
822.375	0.6789297462
822.375	-1
822.40625	-1
822.40625	0.7324414849
822.4375	0.7324414849
822.4375	-1
822.5	-1
822.5	0.3578595221
822.75	0.3578595221
822.75	-1
823	-1
823	0.7591972947
823.25	0.7591972947
823.25	-1
823.625	-1
823.625	0.806020081
823.75	0.806020081
823.75	-0.5652173758
823.875	-0.5652173758
823.875	-0.9665551782
824	-0.9665551782
824	-1
824.25	-1
824.25	0.1170568541
824.5	0.1170568541
824.5	1
825	1
825	-1
825.5	-1
825.5	1
825.875	1
825.875	-1
825.9375	-1
825.9375	1
826	1
826	-0.9331103563
826.0625	-0.9331103563
826.0625	-1
826.125	-1
826.125	1
826.375	1
826.375	-1
826.4375	-1
826.4375	1
826.625	1
826.625	-0.3311036825
826.6875	-0.3311036825
826.6875	-0.3244147301
826.75	-0.3244147301
826.75	1
826.8125	1
826.8125	-0.2909699082
826.875	-0.2909699082
826.875	1
827	1
827	-1
827.5	-1
827.5	0.7458193898
827.625	0.7458193898
827.625	-1
828.25	-1
828.25	0.5852842927
828.5	0.5852842927
828.5	-1
828.75	-1
828.75	0.5719063282
828.875	0.5719063282
828.875	0.5919732451
829	0.5919732451
829	-1
830	-1
830	0.7324414849
830.5	0.7324414849
830.5	-1
830.875	-1
830.875	0.4849498272
830.9375	0.4849498272
830.9375	-1
831	-1
831	-0.9382429020014321
843.6273923992674	-0.5483273470674698
